[Licensing::Module] Trying to connect to existing licensing client channel...
[Licensing::IpcConnector] Successfully connected to: "LicenseClient-wzy" at "2026-09-30T07:50:07.9429996Z"
[Licensing::Client] Code 10 while verifying Licensing Client signature (process Id: 22960, path: "D:/2022.3.62f1c1/Editor/Data/Resources/Licensing/Client/Unity.Licensing.Client.exe")
[Licensing::Module] LicensingClient has failed validation; ignoring
[Licensing::Client] Handshaking with LicensingClient:
  Version:                 1.16.2+bdef8f5
  Session Id:              4ce4d5b469f5431b8024a5703c8120ce
  Correlation Id:          e7219aa532f433b9abe634792a0b674d
  External correlation Id: 2041016622954299343
  Machine Id:              2sF3F2wFFvNwMKY1rzfdr/szcz8=
[Licensing::Module] Successfully connected to LicensingClient on channel: "LicenseClient-wzy" (connect: 0.00s, validation: 0.02s, handshake: 0.04s)
[Licensing::IpcConnector] Successfully connected to: "LicenseClient-wzy-notifications" at "2026-09-30T07:50:08.0011604Z"
[Licensing::Module] Error: Access token is unavailable; failed to update
[Licensing::Client] Successfully updated license
Built from '2022.3/china_unity/release' branch; Version is '2022.3.62f1c1 (b0109b07edb8) revision 11538587'; Using compiler version '192829333'; Build Type 'Release'
OS: 'Windows 11  (10.0.26200) 64bit Professional' Language: 'zh' Physical Memory: 98060 MB
[Licensing::Client] Successfully resolved entitlement details
[Licensing::Module] Serial number assigned to: "F4-5XCY-RQ8U-5U3Q-WQ4J-XXXX"
BatchMode: 1, IsHumanControllingUs: 0, StartBugReporterOnCrash: 0, Is64bit: 1, IsPro: 0
[Licensing::Client] Successfully resolved entitlement details

COMMAND LINE ARGUMENTS:
D:\2022.3.62f1c1\Editor\Unity.exe
-batchmode
-projectPath
G:\NoMadCity
-runTests
-testPlatform
PlayMode
-testResults
G:\NoMadCity\Logs\CardSpriteMigration\final-playmode\playmode-20260930_155006.xml
-logFile
G:\NoMadCity\Logs\CardSpriteMigration\final-playmode\playmode-20260930_155006.log
-testFilter
CardPicker_HorizontalWheelAndScrollbarReachLastCard;CardViewer_FormalQuickActionCancelsWithoutCommandThenUsesPlotOnce;CardViewer_HandFacilityAndDiscardDetailsStayReadOnlyAndReturn;BuildFlow_CandidateSlotPaymentAndSubmitCommitsOnce;CityStyleTab_OpensAndClosesTheFormalQuickActionPreview;OverflowHand_KeepsAllCardsWithoutScrollingAcrossRenders
Successfully changed project path to: G:\NoMadCity
G:/NoMadCity
[UnityMemory] Configuration Parameters - Can be set up in boot.config
    "memorysetup-bucket-allocator-granularity=16"
    "memorysetup-bucket-allocator-bucket-count=8"
    "memorysetup-bucket-allocator-block-size=33554432"
    "memorysetup-bucket-allocator-block-count=8"
    "memorysetup-main-allocator-block-size=16777216"
    "memorysetup-thread-allocator-block-size=16777216"
    "memorysetup-gfx-main-allocator-block-size=16777216"
    "memorysetup-gfx-thread-allocator-block-size=16777216"
    "memorysetup-cache-allocator-block-size=4194304"
    "memorysetup-typetree-allocator-block-size=2097152"
    "memorysetup-profiler-bucket-allocator-granularity=16"
    "memorysetup-profiler-bucket-allocator-bucket-count=8"
    "memorysetup-profiler-bucket-allocator-block-size=33554432"
    "memorysetup-profiler-bucket-allocator-block-count=8"
    "memorysetup-profiler-allocator-block-size=16777216"
    "memorysetup-profiler-editor-allocator-block-size=1048576"
    "memorysetup-temp-allocator-size-main=16777216"
    "memorysetup-job-temp-allocator-block-size=2097152"
    "memorysetup-job-temp-allocator-block-size-background=1048576"
    "memorysetup-job-temp-allocator-reduction-small-platforms=262144"
    "memorysetup-allocator-temp-initial-block-size-main=262144"
    "memorysetup-allocator-temp-initial-block-size-worker=262144"
    "memorysetup-temp-allocator-size-background-worker=32768"
    "memorysetup-temp-allocator-size-job-worker=262144"
    "memorysetup-temp-allocator-size-preload-manager=33554432"
    "memorysetup-temp-allocator-size-nav-mesh-worker=65536"
    "memorysetup-temp-allocator-size-audio-worker=65536"
    "memorysetup-temp-allocator-size-cloud-worker=32768"
    "memorysetup-temp-allocator-size-gi-baking-worker=262144"
    "memorysetup-temp-allocator-size-gfx=262144"
Player connection [38160]  Target information:

Player connection [38160]  * "[IP] 192.168.1.21 [Port] 55504 [Flags] 2 [Guid] 1871260692 [EditorId] 1871260692 [Version] 1048832 [Id] WindowsEditor(7,DESKTOP-IKMDFV8) [Debug] 1 [PackageName] WindowsEditor [ProjectName] Editor" 

Player connection [38160]  * "[IP] 172.28.182.139 [Port] 55504 [Flags] 2 [Guid] 1871260692 [EditorId] 1871260692 [Version] 1048832 [Id] WindowsEditor(7,DESKTOP-IKMDFV8) [Debug] 1 [PackageName] WindowsEditor [ProjectName] Editor" 

Player connection [38160]  * "[IP] 192.168.56.1 [Port] 55504 [Flags] 2 [Guid] 1871260692 [EditorId] 1871260692 [Version] 1048832 [Id] WindowsEditor(7,DESKTOP-IKMDFV8) [Debug] 1 [PackageName] WindowsEditor [ProjectName] Editor" 

Player connection [38160]  * "[IP] 192.168.232.1 [Port] 55504 [Flags] 2 [Guid] 1871260692 [EditorId] 1871260692 [Version] 1048832 [Id] WindowsEditor(7,DESKTOP-IKMDFV8) [Debug] 1 [PackageName] WindowsEditor [ProjectName] Editor" 

Player connection [38160] Host joined multi-casting on [225.0.0.222:54997]...
Player connection [38160] Host joined alternative multi-casting on [225.0.0.222:34997]...
Input System module state changed to: Initialized.
[PhysX] Initialized MultithreadedTaskDispatcher with 24 workers.
[Package Manager] UpmClient::Connect -- Connected to IPC stream "Upm-39636" after 0.2 seconds.
[Package Manager] Restoring resolved packages state from cache
[Licensing::Client] Successfully resolved entitlement details
[Package Manager] Registered 61 packages:
  Packages from [https://package.openupm.com]:
    com.mirrornetworking.mirror@96.6.4 (location: G:\NoMadCity\Library\PackageCache\com.mirrornetworking.mirror@96.6.4)
  Packages from [https://packages.unity.cn]:
    com.unity.collab-proxy@2.12.4 (location: G:\NoMadCity\Library\PackageCache\com.unity.collab-proxy@2.12.4)
    com.unity.ide.rider@3.0.36 (location: G:\NoMadCity\Library\PackageCache\com.unity.ide.rider@3.0.36)
    com.unity.ide.visualstudio@2.0.22 (location: G:\NoMadCity\Library\PackageCache\com.unity.ide.visualstudio@2.0.22)
    com.unity.nuget.newtonsoft-json@3.2.1 (location: G:\NoMadCity\Library\PackageCache\com.unity.nuget.newtonsoft-json@3.2.1)
    com.unity.test-framework@1.1.33 (location: G:\NoMadCity\Library\PackageCache\com.unity.test-framework@1.1.33)
    com.unity.textmeshpro@3.0.7 (location: G:\NoMadCity\Library\PackageCache\com.unity.textmeshpro@3.0.7)
    com.unity.toolchain.win-x86_64-linux-x86_64@2.0.11 (location: G:\NoMadCity\Library\PackageCache\com.unity.toolchain.win-x86_64-linux-x86_64@2.0.11)
    com.unity.sysroot@2.0.10 (location: G:\NoMadCity\Library\PackageCache\com.unity.sysroot@2.0.10)
    com.unity.sysroot.linux-x86_64@2.0.9 (location: G:\NoMadCity\Library\PackageCache\com.unity.sysroot.linux-x86_64@2.0.9)
    com.unity.ext.nunit@1.0.6 (location: G:\NoMadCity\Library\PackageCache\com.unity.ext.nunit@1.0.6)
    com.unity.2d.animation@9.2.0 (location: G:\NoMadCity\Library\PackageCache\com.unity.2d.animation@9.2.0)
    com.unity.2d.pixel-perfect@5.1.0 (location: G:\NoMadCity\Library\PackageCache\com.unity.2d.pixel-perfect@5.1.0)
    com.unity.2d.psdimporter@8.1.0 (location: G:\NoMadCity\Library\PackageCache\com.unity.2d.psdimporter@8.1.0)
    com.unity.2d.spriteshape@9.1.0 (location: G:\NoMadCity\Library\PackageCache\com.unity.2d.spriteshape@9.1.0)
    com.unity.2d.tilemap.extras@3.1.3 (location: G:\NoMadCity\Library\PackageCache\com.unity.2d.tilemap.extras@3.1.3)
    com.unity.2d.aseprite@1.1.9 (location: G:\NoMadCity\Library\PackageCache\com.unity.2d.aseprite@1.1.9)
    com.unity.2d.common@8.1.0 (location: G:\NoMadCity\Library\PackageCache\com.unity.2d.common@8.1.0)
    com.unity.mathematics@1.2.6 (location: G:\NoMadCity\Library\PackageCache\com.unity.mathematics@1.2.6)
    com.unity.collections@1.2.4 (location: G:\NoMadCity\Library\PackageCache\com.unity.collections@1.2.4)
    com.unity.burst@1.8.21 (location: G:\NoMadCity\Library\PackageCache\com.unity.burst@1.8.21)
  Built-in packages:
    com.unity.feature.2d@2.0.1 (location: G:\NoMadCity\Library\PackageCache\com.unity.feature.2d@2.0.1)
    com.unity.ugui@1.0.0 (location: G:\NoMadCity\Library\PackageCache\com.unity.ugui@1.0.0)
    com.unity.modules.ai@1.0.0 (location: G:\NoMadCity\Library\PackageCache\com.unity.modules.ai@1.0.0)
    com.unity.modules.androidjni@1.0.0 (location: G:\NoMadCity\Library\PackageCache\com.unity.modules.androidjni@1.0.0)
    com.unity.modules.animation@1.0.0 (location: G:\NoMadCity\Library\PackageCache\com.unity.modules.animation@1.0.0)
    com.unity.modules.assetbundle@1.0.0 (location: G:\NoMadCity\Library\PackageCache\com.unity.modules.assetbundle@1.0.0)
    com.unity.modules.audio@1.0.0 (location: G:\NoMadCity\Library\PackageCache\com.unity.modules.audio@1.0.0)
    com.unity.modules.cloth@1.0.0 (location: G:\NoMadCity\Library\PackageCache\com.unity.modules.cloth@1.0.0)
    com.unity.modules.director@1.0.0 (location: G:\NoMadCity\Library\PackageCache\com.unity.modules.director@1.0.0)
    com.unity.modules.imageconversion@1.0.0 (location: G:\NoMadCity\Library\PackageCache\com.unity.modules.imageconversion@1.0.0)
    com.unity.modules.imgui@1.0.0 (location: G:\NoMadCity\Library\PackageCache\com.unity.modules.imgui@1.0.0)
    com.unity.modules.jsonserialize@1.0.0 (location: G:\NoMadCity\Library\PackageCache\com.unity.modules.jsonserialize@1.0.0)
    com.unity.modules.particlesystem@1.0.0 (location: G:\NoMadCity\Library\PackageCache\com.unity.modules.particlesystem@1.0.0)
    com.unity.modules.physics@1.0.0 (location: G:\NoMadCity\Library\PackageCache\com.unity.modules.physics@1.0.0)
    com.unity.modules.physics2d@1.0.0 (location: G:\NoMadCity\Library\PackageCache\com.unity.modules.physics2d@1.0.0)
    com.unity.modules.screencapture@1.0.0 (location: G:\NoMadCity\Library\PackageCache\com.unity.modules.screencapture@1.0.0)
    com.unity.modules.terrain@1.0.0 (location: G:\NoMadCity\Library\PackageCache\com.unity.modules.terrain@1.0.0)
    com.unity.modules.terrainphysics@1.0.0 (location: G:\NoMadCity\Library\PackageCache\com.unity.modules.terrainphysics@1.0.0)
    com.unity.modules.tilemap@1.0.0 (location: G:\NoMadCity\Library\PackageCache\com.unity.modules.tilemap@1.0.0)
    com.unity.modules.ui@1.0.0 (location: G:\NoMadCity\Library\PackageCache\com.unity.modules.ui@1.0.0)
    com.unity.modules.uielements@1.0.0 (location: G:\NoMadCity\Library\PackageCache\com.unity.modules.uielements@1.0.0)
    com.unity.modules.umbra@1.0.0 (location: G:\NoMadCity\Library\PackageCache\com.unity.modules.umbra@1.0.0)
    com.unity.modules.unityanalytics@1.0.0 (location: G:\NoMadCity\Library\PackageCache\com.unity.modules.unityanalytics@1.0.0)
    com.unity.modules.unitywebrequest@1.0.0 (location: G:\NoMadCity\Library\PackageCache\com.unity.modules.unitywebrequest@1.0.0)
    com.unity.modules.unitywebrequestassetbundle@1.0.0 (location: G:\NoMadCity\Library\PackageCache\com.unity.modules.unitywebrequestassetbundle@1.0.0)
    com.unity.modules.unitywebrequestaudio@1.0.0 (location: G:\NoMadCity\Library\PackageCache\com.unity.modules.unitywebrequestaudio@1.0.0)
    com.unity.modules.unitywebrequesttexture@1.0.0 (location: G:\NoMadCity\Library\PackageCache\com.unity.modules.unitywebrequesttexture@1.0.0)
    com.unity.modules.unitywebrequestwww@1.0.0 (location: G:\NoMadCity\Library\PackageCache\com.unity.modules.unitywebrequestwww@1.0.0)
    com.unity.modules.vehicles@1.0.0 (location: G:\NoMadCity\Library\PackageCache\com.unity.modules.vehicles@1.0.0)
    com.unity.modules.video@1.0.0 (location: G:\NoMadCity\Library\PackageCache\com.unity.modules.video@1.0.0)
    com.unity.modules.vr@1.0.0 (location: G:\NoMadCity\Library\PackageCache\com.unity.modules.vr@1.0.0)
    com.unity.modules.wind@1.0.0 (location: G:\NoMadCity\Library\PackageCache\com.unity.modules.wind@1.0.0)
    com.unity.modules.xr@1.0.0 (location: G:\NoMadCity\Library\PackageCache\com.unity.modules.xr@1.0.0)
    com.unity.modules.subsystems@1.0.0 (location: G:\NoMadCity\Library\PackageCache\com.unity.modules.subsystems@1.0.0)
    com.unity.2d.sprite@1.0.0 (location: G:\NoMadCity\Library\PackageCache\com.unity.2d.sprite@1.0.0)
    com.unity.2d.tilemap@1.0.0 (location: G:\NoMadCity\Library\PackageCache\com.unity.2d.tilemap@1.0.0)
  Git packages:
    org.moonsharp.moonsharp@https://github.com/moonsharp-devs/moonsharp.git?path=/interpreter#0fb8ba9106c44b140b8f56cb44cb1b50b358897c (location: G:\NoMadCity\Library\PackageCache\org.moonsharp.moonsharp@0fb8ba9106)
    com.coplaydev.unity-mcp@https://github.com/CoplayDev/unity-mcp.git?path=/MCPForUnity#main (location: G:\NoMadCity\Library\PackageCache\com.coplaydev.unity-mcp@c14de1e6dc)
    com.mirror.steamworks.net@https://github.com/Chykary/FizzySteamworks.git?path=/com.mirror.steamworks.net#FizzySteamworks-6.0.1 (location: G:\NoMadCity\Library\PackageCache\com.mirror.steamworks.net@2571659263)
    com.rlabrecque.steamworks.net@https://github.com/rlabrecque/Steamworks.NET.git?path=/com.rlabrecque.steamworks.net#2025.163.0 (location: G:\NoMadCity\Library\PackageCache\com.rlabrecque.steamworks.net@98d6584e45)
[Subsystems] No new subsystems found in resolved package list.
Package Manager log level set to [2]
[Package Manager] Done registering packages in 0.11 seconds
Refreshing native plugins compatible for Editor in 7.44 ms, found 5 plugins.
Preloading 0 native plugins for Editor in 0.00 ms.
Initialize engine version: 2022.3.62f1c1 (b0109b07edb8)
[Subsystems] Discovering subsystems at path D:/2022.3.62f1c1/Editor/Data/Resources/UnitySubsystems
[Subsystems] Discovering subsystems at path G:/NoMadCity/Assets
GfxDevice: creating device client; threaded=0; jobified=0
Direct3D:
    Version:  Direct3D 11.0 [level 11.1]
    Renderer: NVIDIA GeForce RTX 4060 Ti (ID=0x2803)
    Vendor:   NVIDIA
    VRAM:     7949 MB
    Driver:   32.0.15.9186
[Licensing::Client] Successfully resolved entitlement details
Initialize mono
Mono path[0] = 'D:/2022.3.62f1c1/Editor/Data/Managed'
Mono path[1] = 'D:/2022.3.62f1c1/Editor/Data/MonoBleedingEdge/lib/mono/unityjit-win32'
Mono config path = 'D:/2022.3.62f1c1/Editor/Data/MonoBleedingEdge/etc'
Using monoOptions --debugger-agent=transport=dt_socket,embedding=1,server=y,suspend=n,address=127.0.0.1:56636
Using cacheserver namespaces - metadata:defaultmetadata, artifacts:defaultartifacts
Using cacheserver namespaces - metadata:defaultmetadata, artifacts:defaultartifacts
ImportWorker Server TCP listen port: 0
Begin MonoManager ReloadAssembly
Registering precompiled unity dll's ...
[Licensing::Client] Successfully resolved entitlement details
Register platform support module: D:/2022.3.62f1c1/Editor/Data/PlaybackEngines/AndroidPlayer/UnityEditor.Android.Extensions.dll
[Licensing::Client] Successfully resolved entitlement details
Register platform support module: D:/2022.3.62f1c1/Editor/Data/PlaybackEngines/iOSSupport/UnityEditor.iOS.Extensions.dll
Register platform support module: D:/2022.3.62f1c1/Editor/Data/PlaybackEngines/WindowsStandaloneSupport/UnityEditor.WindowsStandalone.Extensions.dll
Register platform support module: D:/2022.3.62f1c1/Editor/Data/PlaybackEngines/LinuxStandaloneSupport/UnityEditor.LinuxStandalone.Extensions.dll
Registered in 0.027343 seconds.
- Loaded All Assemblies, in  0.226 seconds
Native extension for LinuxStandalone target not found
Native extension for WindowsStandalone target not found
Native extension for iOS target not found
Native extension for Android target not found
Android Extension - Scanning For ADB Devices 2188 ms
Mono: successfully reloaded assembly
- Finished resetting the current domain, in  2.363 seconds
Domain Reload Profiling: 2590ms
	BeginReloadAssembly (58ms)
		ExecutionOrderSort (0ms)
		DisableScriptedObjects (0ms)
		BackupInstance (0ms)
		ReleaseScriptingObjects (0ms)
		CreateAndSetChildDomain (0ms)
	RebuildCommonClasses (19ms)
	RebuildNativeTypeToScriptingClass (6ms)
	initialDomainReloadingComplete (55ms)
	LoadAllAssembliesAndSetupDomain (88ms)
		LoadAssemblies (58ms)
		RebuildTransferFunctionScriptingTraits (0ms)
		AnalyzeDomain (86ms)
			TypeCache.Refresh (85ms)
				TypeCache.ScanAssembly (77ms)
			ScanForSourceGeneratedMonoScriptInfo (0ms)
			ResolveRequiredComponents (0ms)
	FinalizeReload (2364ms)
		ReleaseScriptCaches (0ms)
		RebuildScriptCaches (0ms)
		SetupLoadedEditorAssemblies (2337ms)
			LogAssemblyErrors (0ms)
			InitializePlatformSupportModulesInManaged (2239ms)
			SetLoadedEditorAssemblies (3ms)
			RefreshPlugins (0ms)
			BeforeProcessingInitializeOnLoad (1ms)
			ProcessInitializeOnLoadAttributes (66ms)
			ProcessInitializeOnLoadMethodAttributes (29ms)
			AfterProcessingInitializeOnLoad (0ms)
			EditorAssembliesLoaded (0ms)
		ExecutionOrderSort2 (0ms)
		AwakeInstancesAfterBackupRestoration (0ms)
[Licensing::Client] Successfully resolved entitlement details
Application.AssetDatabase Initial Refresh Start
A meta data file (.meta) exists but its asset 'Packages/com.mirrornetworking.mirror/LICENSE' can't be found. When moving or deleting files outside of Unity, please ensure that the corresponding .meta file is moved or deleted along with it.
Couldn't delete Packages/com.mirrornetworking.mirror/LICENSE.meta because it's in an immutable folder.
A meta data file (.meta) exists but its asset 'Packages/com.mirrornetworking.mirror/README.md' can't be found. When moving or deleting files outside of Unity, please ensure that the corresponding .meta file is moved or deleted along with it.
Couldn't delete Packages/com.mirrornetworking.mirror/README.md.meta because it's in an immutable folder.
Asset Packages/com.mirrornetworking.mirror/Mirror/Assets has no meta file, but it's in an immutable folder. The asset will be ignored.
Starting: D:\2022.3.62f1c1\Editor\Data\bee_backend.exe --ipc --defer-dag-verification --dagfile="Library/Bee/1900b0aE.dag" --continue-on-failure --profile="Library/Bee/backend1.traceevents" ScriptAssemblies
WorkingDir: G:/NoMadCity
DisplayProgressbar: Compiling Scripts
ExitCode: 4 Duration: 0s142ms
Rebuilding DAG because FileSignature timestamp changed: Library/Bee/1900b0aE-inputdata.json
[681/892    0s] ILPP-Configuration Library/ilpp-configuration.nevergeneratedoutput
*** Tundra requires additional run (0.12 seconds), 1 items updated, 680 evaluated
Starting: D:\2022.3.62f1c1\Editor\Data\Tools\netcorerun\netcorerun.exe "D:\2022.3.62f1c1\Editor\Data\Tools\BuildPipeline\ScriptCompilationBuildProgram.exe" "Library/Bee/1900b0aE.dag.json" "Library/Bee/1900b0aE-inputdata.json" "Library\Bee\buildprogram0.traceevents"
WorkingDir: G:/NoMadCity
ExitCode: 0 Duration: 0s387ms
Starting: D:\2022.3.62f1c1\Editor\Data\bee_backend.exe --ipc --defer-dag-verification --dagfile="Library/Bee/1900b0aE.dag" --continue-on-failure --dagfilejson="Library\Bee\1900b0aE.dag.json" --profile="Library/Bee/backend2.traceevents" ScriptAssemblies
WorkingDir: G:/NoMadCity
ExitCode: 0 Duration: 0s209ms
Finished compiling graph: 895 nodes, 13327 flattened edges (10495 ToBuild, 152 ToUse), maximum node priority 957
[681/892    0s] ILPP-Configuration Library/ilpp-configuration.nevergeneratedoutput
*** Tundra build success (0.19 seconds), 1 items updated, 892 evaluated
AssetDatabase: script compilation time: 1.054938s
Begin MonoManager ReloadAssembly
- Loaded All Assemblies, in  0.402 seconds
Refreshing native plugins compatible for Editor in 2.56 ms, found 5 plugins.
Preloading 0 native plugins for Editor in 0.00 ms.
Refreshing native plugins compatible for Editor in 2.79 ms, found 5 plugins.
Native extension for LinuxStandalone target not found
Native extension for WindowsStandalone target not found
Native extension for iOS target not found
Native extension for Android target not found
Mirror | mirror-networking.com | discord.gg/N9QVxbM
Mono: successfully reloaded assembly
- Finished resetting the current domain, in  2.493 seconds
Domain Reload Profiling: 2895ms
	BeginReloadAssembly (83ms)
		ExecutionOrderSort (0ms)
		DisableScriptedObjects (3ms)
		BackupInstance (0ms)
		ReleaseScriptingObjects (0ms)
		CreateAndSetChildDomain (17ms)
	RebuildCommonClasses (19ms)
	RebuildNativeTypeToScriptingClass (6ms)
	initialDomainReloadingComplete (16ms)
	LoadAllAssembliesAndSetupDomain (277ms)
		LoadAssemblies (190ms)
		RebuildTransferFunctionScriptingTraits (0ms)
		AnalyzeDomain (133ms)
			TypeCache.Refresh (111ms)
				TypeCache.ScanAssembly (98ms)
			ScanForSourceGeneratedMonoScriptInfo (15ms)
			ResolveRequiredComponents (6ms)
	FinalizeReload (2494ms)
		ReleaseScriptCaches (0ms)
		RebuildScriptCaches (0ms)
		SetupLoadedEditorAssemblies (2414ms)
			LogAssemblyErrors (0ms)
			InitializePlatformSupportModulesInManaged (16ms)
			SetLoadedEditorAssemblies (2ms)
			RefreshPlugins (0ms)
			BeforeProcessingInitializeOnLoad (39ms)
			ProcessInitializeOnLoadAttributes (2206ms)
			ProcessInitializeOnLoadMethodAttributes (149ms)
			AfterProcessingInitializeOnLoad (1ms)
			EditorAssembliesLoaded (0ms)
		ExecutionOrderSort2 (0ms)
		AwakeInstancesAfterBackupRestoration (5ms)
Asset Pipeline Refresh (id=5469dbcb4ff0d5f409889860f12c6b49): Total: 4.647 seconds - Initiated by InitialRefreshV2(ForceSynchronousImport)
	Summary:
		Imports: total=0 (actual=0, local cache=0, cache server=0)
		Asset DB Process Time: managed=0 ms, native=629 ms
		Asset DB Callback time: managed=8 ms, native=0 ms
		Scripting: domain reloads=1, domain reload time=2929 ms, compile time=1056 ms, other=22 ms
		Project Asset Count: scripts=5820, non-scripts=2287
		Asset File Changes: new=0, changed=0, moved=0, deleted=0
		Scan Filter Count: 0
	InvokeBeforeRefreshCallbacks: 0.204ms
	ApplyChangesToAssetFolders: 0.052ms
	Scan: 80.726ms
	OnSourceAssetsModified: 0.001ms
	GetAllGuidsForCategorization: 0.556ms
	CategorizeAssets: 78.313ms
	ImportOutOfDateAssets: 2522.811ms (1449.297ms without children)
		CompileScripts: 1056.442ms
		ReloadNativeAssets: 0.000ms
		UnloadImportedAssets: 14.799ms
		EnsureUptoDateAssetsAreRegisteredWithGuidPM: 1.410ms
		InitializingProgressBar: 0.000ms
		PostProcessAllAssetNotificationsAddChangedAssets: 0.000ms
		OnDemandSchedulerStart: 0.861ms
	PostProcessAllAssets: 8.047ms
	GatherAllCurrentPrimaryArtifactRevisions: 0.000ms
	UnloadStreamsBegin: 0.209ms
	PersistCurrentRevisions: 0.245ms
	UnloadStreamsEnd: 0.032ms
	GenerateScriptTypeHashes: 3.567ms
	Untracked: 1956.010ms
Application.AssetDatabase Initial Refresh End
Launched and connected shader compiler UnityShaderCompiler.exe after 0.03 seconds
Scanning for USB devices : 3.843ms
Initializing Unity extensions:
[MODES] ModeService[none].Initialize
[MODES] ModeService[none].LoadModes
[MODES] Loading mode Default (0) for mode-current-id-游城拓荒模拟器
[PhysX] Initialized MultithreadedTaskDispatcher with 24 workers.
ProgressiveSceneManager::Cancel()
Unloading 5 Unused Serialized files (Serialized files now loaded: 0)
Unloading 97 unused Assets / (498.1 KB). Loaded Objects now: 5083.
Memory consumption went from 129.7 MB to 129.3 MB.
Total: 4.125600 ms (FindLiveObjects: 0.175000 ms CreateObjectMapping: 0.064900 ms MarkObjects: 3.667500 ms  DeleteObjects: 0.217700 ms)

[Project] Loading completed in 19.421 seconds
	Project init time: 				8.318 seconds
		Template init time: 		0.000 seconds
		Package Manager init time: 		0.190 seconds
		Asset Database init time: 		0.213 seconds
		Global illumination init time: 	0.003 seconds
		Assemblies load time: 			2.597 seconds
		Unity extensions init time: 	0.003 seconds
		Asset Database refresh time: 	0.000 seconds
	Scene opening time: 			0.310 seconds
##utp:{"type":"ProjectInfo","version":2,"phase":"Immediate","time":1790754627343,"processId":39636,"projectLoad":19.4210075,"projectInit":8.3180882,"templateInit":0.0,"packageManagerInit":0.1901266,"assetDatabaseInit":0.213024,"globalIlluminationInit":0.0029261,"assembliesLoad":2.5968141,"unityExtensionsInit":0.0030371,"assetDatabaseRefresh":0.000005,"sceneOpening":0.3099021}
##utp:{"type":"EditorInfo","version":2,"phase":"Immediate","time":1790754627343,"processId":39636,"editorVersion":"2022.3.62f1c1 (b0109b07edb8)","branch":"2022.3/china_unity/release","buildType":"Release","platform":"Windows"}
Running tests for PlayMode
With test filter: CardPicker_HorizontalWheelAndScrollbarReachLastCard, CardViewer_FormalQuickActionCancelsWithoutCommandThenUsesPlotOnce, CardViewer_HandFacilityAndDiscardDetailsStayReadOnlyAndReturn, BuildFlow_CandidateSlotPaymentAndSubmitCommitsOnce, CityStyleTab_OpensAndClosesTheFormalQuickActionPreview, OverflowHand_KeepsAllCardsWithoutScrollingAcrossRenders
Executing tests with settings: test mode = PlayMode
UnityEngine.StackTraceUtility:ExtractStackTrace ()
UnityEngine.DebugLogHandler:LogFormat (UnityEngine.LogType,UnityEngine.Object,string,object[])
UnityEngine.Logger:Log (UnityEngine.LogType,object)
UnityEngine.Debug:Log (object)
UnityEditor.TestTools.TestRunner.CommandLineTest.Executer:InitializeAndExecuteRun (string[]) (at ./Library/PackageCache/com.unity.test-framework@1.1.33/UnityEditor.TestRunner/CommandLineTest/Executer.cs:47)
UnityEditor.TestTools.TestRunner.CommandLineTest.TestStarter:UpdateWatch () (at ./Library/PackageCache/com.unity.test-framework@1.1.33/UnityEditor.TestRunner/CommandLineTest/TestStarter.cs:50)
UnityEditor.EditorApplication:Internal_CallUpdateFunctions ()

(Filename: ./Library/PackageCache/com.unity.test-framework@1.1.33/UnityEditor.TestRunner/CommandLineTest/Executer.cs Line: 47)

[UnityConnectServicesConfig] config is NOT valid, switching to default
Created GICache directory at C:/Users/wzy/AppData/LocalLow/Unity/Caches/GiCache. Took: 0.013s, timestamps: [19.428 - 19.441]
gi::BakeBackendSwitch: switching bake backend from 3 to 1.
[PhysX] Initialized MultithreadedTaskDispatcher with 24 workers.
Unloading 1 Unused Serialized files (Serialized files now loaded: 0)
Unloading 0 unused Assets / (0 B). Loaded Objects now: 5093.
Memory consumption went from 127.8 MB to 127.8 MB.
Total: 4.275200 ms (FindLiveObjects: 0.155000 ms CreateObjectMapping: 0.051500 ms MarkObjects: 4.061600 ms  DeleteObjects: 0.006600 ms)

Start importing Assets/InitTestScene639263802274242723.unity using Guid(e1714618e8c06504d8ffa938f8bc8c27) Importer(-1,00000000000000000000000000000000) [PhysX] Initialized MultithreadedTaskDispatcher with 24 workers.
 -> (artifact id: '1f03f98e7f4897576313c132b08a657b') in 0.004823 seconds
Refreshing native plugins compatible for Editor in 2.61 ms, found 5 plugins.
Preloading 0 native plugins for Editor in 0.00 ms.
Asset Pipeline Refresh (id=2423be72389fe7e48a8fe574e2918b7e): Total: 0.045 seconds - Initiated by StopAssetImportingV2(NoUpdateAssetOptions)
SpriteAtlasPacking completed in 0.002436 sec
Entering Playmode with Reload Domain disabled.
If you experience any issues, please disable "Enter Play Mode Options" in Editor Settings
Entering Playmode with Reload Scene disabled. If you experience any issues, please disable "Enter Play Mode Options" in Editor Settings
<b><color=#2EA3FF>MCP-FOR-UNITY</color></b>: [TestRunnerNoThrottle] Applied No Throttling for test run.
UnityEngine.StackTraceUtility:ExtractStackTrace ()
UnityEngine.DebugLogHandler:LogFormat (UnityEngine.LogType,UnityEngine.Object,string,object[])
UnityEngine.Logger:Log (UnityEngine.LogType,object)
UnityEngine.Debug:Log (object)
MCPForUnity.Editor.Helpers.McpLog:Info (string,bool) (at ./Library/PackageCache/com.coplaydev.unity-mcp@c14de1e6dc/Editor/Helpers/McpLog.cs:40)
MCPForUnity.Editor.Services.TestRunnerNoThrottle:ApplyNoThrottling () (at ./Library/PackageCache/com.coplaydev.unity-mcp@c14de1e6dc/Editor/Services/TestRunnerNoThrottle.cs:101)
MCPForUnity.Editor.Services.TestRunnerNoThrottle/TestCallbacks:RunStarted (UnityEditor.TestTools.TestRunner.Api.ITestAdaptor) (at ./Library/PackageCache/com.coplaydev.unity-mcp@c14de1e6dc/Editor/Services/TestRunnerNoThrottle.cs:138)
UnityEditor.TestTools.TestRunner.Api.CallbacksDelegator/<>c__DisplayClass6_0:<RunStarted>b__0 (UnityEditor.TestTools.TestRunner.Api.ICallbacks) (at ./Library/PackageCache/com.unity.test-framework@1.1.33/UnityEditor.TestRunner/Api/CallbacksDelegator.cs:39)
UnityEditor.TestTools.TestRunner.Api.CallbacksDelegator:TryInvokeAllCallbacks (System.Action`1<UnityEditor.TestTools.TestRunner.Api.ICallbacks>) (at ./Library/PackageCache/com.unity.test-framework@1.1.33/UnityEditor.TestRunner/Api/CallbacksDelegator.cs:122)
UnityEditor.TestTools.TestRunner.Api.CallbacksDelegator:RunStarted (NUnit.Framework.Interfaces.ITest) (at ./Library/PackageCache/com.unity.test-framework@1.1.33/UnityEditor.TestRunner/Api/CallbacksDelegator.cs:39)
UnityEditor.TestTools.TestRunner.Api.CallbacksDelegatorListener:RunStarted (NUnit.Framework.Interfaces.ITest) (at ./Library/PackageCache/com.unity.test-framework@1.1.33/UnityEditor.TestRunner/Api/CallbacksDelegatorListener.cs:10)
UnityEngine.Events.InvokableCall`1<NUnit.Framework.Interfaces.ITest>:Invoke (NUnit.Framework.Interfaces.ITest)
UnityEngine.Events.UnityEvent`1<NUnit.Framework.Interfaces.ITest>:Invoke (NUnit.Framework.Interfaces.ITest)
UnityEngine.TestTools.TestRunner.PlaymodeTestsController/<Run>d__16:MoveNext () (at ./Library/PackageCache/com.unity.test-framework@1.1.33/UnityEngine.TestRunner/TestRunner/PlaymodeTestsController.cs:99)
UnityEngine.SetupCoroutine:InvokeMoveNext (System.Collections.IEnumerator,intptr)
UnityEngine.MonoBehaviour:StartCoroutine (System.Collections.IEnumerator)
UnityEngine.TestTools.TestRunner.PlaymodeTestsController/<Start>d__12:MoveNext () (at ./Library/PackageCache/com.unity.test-framework@1.1.33/UnityEngine.TestRunner/TestRunner/PlaymodeTestsController.cs:54)
UnityEngine.SetupCoroutine:InvokeMoveNext (System.Collections.IEnumerator,intptr)

(Filename: ./Library/PackageCache/com.coplaydev.unity-mcp@c14de1e6dc/Editor/Helpers/McpLog.cs Line: 40)

Unloading 304 Unused Serialized files (Serialized files now loaded: 0)
[PhysX] Initialized MultithreadedTaskDispatcher with 24 workers.
UnloadTime: 0.933800 ms
Loaded scene 'Assets/Scenes/SampleScene.unity'
	Deserialize:            284.395 ms
	Integration:            1266.762 ms
	Integration of assets:  85.205 ms
	Thread Wait Time:       5.149 ms
	Total Operation Time:   1641.512 ms
Unloading 7047 unused Assets / (4.0 MB). Loaded Objects now: 17837.
Memory consumption went from 0.65 GB to 0.65 GB.
Total: 10.747100 ms (FindLiveObjects: 0.946500 ms CreateObjectMapping: 0.336500 ms MarkObjects: 6.776300 ms  DeleteObjects: 2.687000 ms)

Unloading 12 Unused Serialized files (Serialized files now loaded: 0)
[PhysX] Initialized MultithreadedTaskDispatcher with 24 workers.
UnloadTime: 12.608000 ms
Loaded scene 'Assets/Scenes/SampleScene.unity'
	Deserialize:            36.583 ms
	Integration:            272.876 ms
	Integration of assets:  9.094 ms
	Thread Wait Time:       3.793 ms
	Total Operation Time:   322.345 ms
Unloading 7015 unused Assets / (4.1 MB). Loaded Objects now: 17837.
Memory consumption went from 0.65 GB to 0.65 GB.
Total: 9.767700 ms (FindLiveObjects: 0.831600 ms CreateObjectMapping: 0.353300 ms MarkObjects: 5.745400 ms  DeleteObjects: 2.836700 ms)

Refreshing native plugins compatible for Editor in 2.62 ms, found 5 plugins.
Preloading 0 native plugins for Editor in 0.00 ms.
Asset Pipeline Refresh (id=e76b3725f9ba46745b2d88d36797263c): Total: 0.028 seconds - Initiated by StopAssetImportingV2(NoUpdateAssetOptions)
<b><color=#2EA3FF>MCP-FOR-UNITY</color></b>: [TestRunnerNoThrottle] Restored Interaction Mode after test run.
UnityEngine.StackTraceUtility:ExtractStackTrace ()
UnityEngine.DebugLogHandler:LogFormat (UnityEngine.LogType,UnityEngine.Object,string,object[])
UnityEngine.Logger:Log (UnityEngine.LogType,object)
UnityEngine.Debug:Log (object)
MCPForUnity.Editor.Helpers.McpLog:Info (string,bool) (at ./Library/PackageCache/com.coplaydev.unity-mcp@c14de1e6dc/Editor/Helpers/McpLog.cs:40)
MCPForUnity.Editor.Services.TestRunnerNoThrottle:RestoreThrottling () (at ./Library/PackageCache/com.coplaydev.unity-mcp@c14de1e6dc/Editor/Services/TestRunnerNoThrottle.cs:114)
MCPForUnity.Editor.Services.TestRunnerNoThrottle/TestCallbacks:RunFinished (UnityEditor.TestTools.TestRunner.Api.ITestResultAdaptor) (at ./Library/PackageCache/com.coplaydev.unity-mcp@c14de1e6dc/Editor/Services/TestRunnerNoThrottle.cs:143)
UnityEditor.TestTools.TestRunner.Api.CallbacksDelegator/<>c__DisplayClass8_0:<RunFinished>b__0 (UnityEditor.TestTools.TestRunner.Api.ICallbacks) (at ./Library/PackageCache/com.unity.test-framework@1.1.33/UnityEditor.TestRunner/Api/CallbacksDelegator.cs:52)
UnityEditor.TestTools.TestRunner.Api.CallbacksDelegator:TryInvokeAllCallbacks (System.Action`1<UnityEditor.TestTools.TestRunner.Api.ICallbacks>) (at ./Library/PackageCache/com.unity.test-framework@1.1.33/UnityEditor.TestRunner/Api/CallbacksDelegator.cs:122)
UnityEditor.TestTools.TestRunner.Api.CallbacksDelegator:RunFinished (NUnit.Framework.Interfaces.ITestResult) (at ./Library/PackageCache/com.unity.test-framework@1.1.33/UnityEditor.TestRunner/Api/CallbacksDelegator.cs:52)
UnityEditor.TestTools.TestRunner.Api.CallbacksDelegatorListener:RunFinished (NUnit.Framework.Interfaces.ITestResult) (at ./Library/PackageCache/com.unity.test-framework@1.1.33/UnityEditor.TestRunner/Api/CallbacksDelegatorListener.cs:15)
UnityEngine.Events.InvokableCall`1<NUnit.Framework.Interfaces.ITestResult>:Invoke (NUnit.Framework.Interfaces.ITestResult)
UnityEngine.Events.UnityEvent`1<NUnit.Framework.Interfaces.ITestResult>:Invoke (NUnit.Framework.Interfaces.ITestResult)
UnityEngine.TestTools.TestRunner.PlaymodeTestsController/<TestRunnerCoroutine>d__15:MoveNext () (at ./Library/PackageCache/com.unity.test-framework@1.1.33/UnityEngine.TestRunner/TestRunner/PlaymodeTestsController.cs:76)
UnityEngine.SetupCoroutine:InvokeMoveNext (System.Collections.IEnumerator,intptr)

(Filename: ./Library/PackageCache/com.coplaydev.unity-mcp@c14de1e6dc/Editor/Helpers/McpLog.cs Line: 40)

Saving results to: G:\NoMadCity\Logs\CardSpriteMigration\final-playmode\playmode-20260930_155006.xml
Request timed out while processing request "https://public-cdn.cloud.unitychina.cn/config/production", HTTP error code 0
.[UnityConnect] Request timed out.
Killing ADB server in 0.0450762 seconds.
[PhysX] Initialized MultithreadedTaskDispatcher with 24 workers.
Input System module state changed to: ShutdownInProgress.
Input System polling thread exited.
Input System module state changed to: Shutdown.
[Licensing::IpcConnector] LicenseClient-wzy-notifications channel disconnected successfully.
[Licensing::IpcConnector] LicenseClient-wzy channel disconnected successfully.
Cleanup mono
[Performance] WinEditorMain                                                                                                                      :        1 samples, Peak.  10.7 s (1.0x), Avg.  10.7 s, Total. 10.74 s (44.9%)
[Performance] WinEditorMain.ConfigureCrashHandler                                                                                                :        1 samples, Peak.  38.0 us (1.0x), Avg.  38.0 us, Total. 38.00 us (0.0%)
[Performance] WinEditorMain.CurlRequestInitialize                                                                                                :        1 samples, Peak.   383 us (1.0x), Avg.   383 us, Total. 382.7 us (0.0%)
[Performance] WinEditorMain.SetupLogFile                                                                                                         :        1 samples, Peak.   159 us (1.0x), Avg.   159 us, Total. 158.9 us (0.0%)
[Performance] WinEditorMain.RunNativeTestsIfRequiredAndExit                                                                                      :        1 samples, Peak. 100.0 ns (1.0x), Avg. 100.0 ns, Total. 100.00 ns (0.0%)
[Performance] WinEditorMain.Licensing                                                                                                            :        1 samples, Peak.  10.7 s (1.0x), Avg.  10.7 s, Total. 10.70 s (44.7%)
[Performance] WinEditorMain.InitializeCrashHandler                                                                                               :        1 samples, Peak.  12.8 ms (1.0x), Avg.  12.8 ms, Total. 12.77 ms (0.1%)
[Performance] WinEditorMain.CreateApplication                                                                                                    :        1 samples, Peak.  28.7 ms (1.0x), Avg.  28.7 ms, Total. 28.68 ms (0.1%)
[Performance] Application.InitializeProject                                                                                                      :        1 samples, Peak.  8.32 s (1.0x), Avg.  8.32 s, Total. 8.318 s (34.7%)
[Performance] Application.PackageManager.StartServer                                                                                             :        1 samples, Peak.  4.54 ms (1.0x), Avg.  4.54 ms, Total. 4.541 ms (0.0%)
[Performance] Application.AcquireProjectLock                                                                                                     :        1 samples, Peak.  6.63 ms (1.0x), Avg.  6.63 ms, Total. 6.629 ms (0.0%)
[Performance] Application.InitializeEngineNoGraphics                                                                                             :        1 samples, Peak.  69.9 ms (1.0x), Avg.  69.9 ms, Total. 69.91 ms (0.3%)
[Performance] Application.PackageManager.Initialize                                                                                              :        1 samples, Peak.   190 ms (1.0x), Avg.   190 ms, Total. 190.1 ms (0.8%)
[Performance] Connecting to Package Manager                                                                                                      :       20 samples, Peak.  59.2 us (12.1x), Avg.  4.90 us, Total. 98.10 us (0.0%)
[Performance] Application.EngineGraphics.Initialize                                                                                              :        1 samples, Peak.   179 ms (1.0x), Avg.   179 ms, Total. 179.4 ms (0.7%)
[Performance] Application.GI.Initialize                                                                                                          :        1 samples, Peak.  2.93 ms (1.0x), Avg.  2.93 ms, Total. 2.927 ms (0.0%)
[Performance] Application.LoadAllDefaultResourcesFromEditor                                                                                      :        1 samples, Peak.  1.52 ms (1.0x), Avg.  1.52 ms, Total. 1.519 ms (0.0%)
[Performance] Application.LoadMonoAssemblies                                                                                                     :        1 samples, Peak.  2.60 s (1.0x), Avg.  2.60 s, Total. 2.597 s (10.8%)
[Performance] RestoreManagedReferences                                                                                                           :        2 samples, Peak.  28.9 ms (2.0x), Avg.  14.5 ms, Total. 28.91 ms (0.1%)
[Performance] InitializeOnLoad DrivenRectTransformUndo                                                                                           :        2 samples, Peak.   271 us (1.0x), Avg.   263 us, Total. 527.0 us (0.0%)
[Performance] InitializeOnLoad SceneSearch                                                                                                       :        2 samples, Peak.  80.9 us (1.1x), Avg.  73.6 us, Total. 147.1 us (0.0%)
[Performance] InitializeOnLoad CloudBuild                                                                                                        :        2 samples, Peak.  3.10 us (1.3x), Avg.  2.45 us, Total. 4.900 us (0.0%)
[Performance] InitializeOnLoad NativeFormatImporterUtility                                                                                       :        2 samples, Peak.  1.67 ms (1.2x), Avg.  1.39 ms, Total. 2.785 ms (0.0%)
[Performance] InitializeOnLoad SearchService                                                                                                     :        2 samples, Peak.  91.5 us (1.1x), Avg.  83.3 us, Total. 166.6 us (0.0%)
[Performance] InitializeOnLoad SettingsService                                                                                                   :        2 samples, Peak.  6.80 us (1.3x), Avg.  5.35 us, Total. 10.70 us (0.0%)
[Performance] InitializeOnLoad WindowLayout                                                                                                      :        2 samples, Peak.   166 us (1.0x), Avg.   160 us, Total. 320.5 us (0.0%)
[Performance] InitializeOnLoad AssetStoreContext                                                                                                 :        2 samples, Peak.  15.7 ms (1.7x), Avg.  9.09 ms, Total. 18.18 ms (0.1%)
[Performance] InitializeOnLoad PoolManager                                                                                                       :        2 samples, Peak.   460 us (1.1x), Avg.   420 us, Total. 839.6 us (0.0%)
[Performance] InitializeOnLoad MixerEffectDefinitionReloader                                                                                     :        2 samples, Peak.  1.71 ms (1.1x), Avg.  1.51 ms, Total. 3.011 ms (0.0%)
[Performance] InitializeOnLoad ProjectSearch                                                                                                     :        2 samples, Peak.  85.1 us (1.4x), Avg.  59.3 us, Total. 118.7 us (0.0%)
[Performance] InitializeOnLoad UISystemProfilerRenderService                                                                                     :        2 samples, Peak.  9.40 us (1.4x), Avg.  6.70 us, Total. 13.40 us (0.0%)
[Performance] InitializeOnLoad EditMode                                                                                                          :        2 samples, Peak.   271 us (1.0x), Avg.   268 us, Total. 535.0 us (0.0%)
[Performance] InitializeOnLoad UnityConnect                                                                                                      :        2 samples, Peak.  36.8 us (1.1x), Avg.  34.6 us, Total. 69.20 us (0.0%)
[Performance] InitializeOnLoad ManagedDebugger                                                                                                   :        2 samples, Peak.   362 us (1.1x), Avg.   338 us, Total. 676.0 us (0.0%)
[Performance] InitializeOnLoad ShortcutIntegration                                                                                               :        2 samples, Peak.  35.6 us (1.1x), Avg.  33.9 us, Total. 67.80 us (0.0%)
[Performance] InitializeOnLoad AddComponentWindow                                                                                                :        2 samples, Peak.  92.3 us (1.2x), Avg.  75.0 us, Total. 149.9 us (0.0%)
[Performance] InitializeOnLoad ManagedDebuggerWindow                                                                                             :        2 samples, Peak.   103 us (1.2x), Avg.  87.4 us, Total. 174.9 us (0.0%)
[Performance] InitializeOnLoad CacheServerWindow                                                                                                 :        2 samples, Peak.  7.70 us (1.4x), Avg.  5.45 us, Total. 10.90 us (0.0%)
[Performance] InitializeOnLoad PlayModeDownload                                                                                                  :        2 samples, Peak.  2.71 ms (1.9x), Avg.  1.40 ms, Total. 2.793 ms (0.0%)
[Performance] InitializeOnLoad MenuItems                                                                                                         :        2 samples, Peak.  74.6 us (1.2x), Avg.  61.3 us, Total. 122.7 us (0.0%)
[Performance] InitializeOnLoad PrefabInstanceChangedListener                                                                                     :        2 samples, Peak.  96.2 us (1.1x), Avg.  88.6 us, Total. 177.3 us (0.0%)
[Performance] InitializeOnLoad ObjectSelectorSearch                                                                                              :        2 samples, Peak.  56.0 us (1.4x), Avg.  39.2 us, Total. 78.30 us (0.0%)
[Performance] InitializeOnLoad EditorMonitor                                                                                                     :        2 samples, Peak.   598 us (1.3x), Avg.   447 us, Total. 894.2 us (0.0%)
[Performance] InitializeOnLoad RetainedMode                                                                                                      :        2 samples, Peak.  1.91 ms (1.1x), Avg.  1.72 ms, Total. 3.438 ms (0.0%)
[Performance] InitializeOnLoad EditorShaderLoader                                                                                                :        2 samples, Peak.   548 us (1.1x), Avg.   492 us, Total. 984.8 us (0.0%)
[Performance] InitializeOnLoad EditorDelegateRegistration                                                                                        :        2 samples, Peak.   338 us (1.1x), Avg.   301 us, Total. 601.9 us (0.0%)
[Performance] InitializeOnLoad UIDocumentHierarchyWatcher                                                                                        :        2 samples, Peak.  49.8 us (1.1x), Avg.  46.2 us, Total. 92.50 us (0.0%)
[Performance] InitializeOnLoad LiveReloadTrackerCreator                                                                                          :        2 samples, Peak.   124 us (1.2x), Avg.  99.2 us, Total. 198.5 us (0.0%)
[Performance] InitializeOnLoad UxmlObjectEditorFactories                                                                                         :        2 samples, Peak.   355 us (1.2x), Avg.   307 us, Total. 614.4 us (0.0%)
[Performance] InitializeOnLoad UXMLEditorFactories                                                                                               :        2 samples, Peak.  37.9 ms (1.1x), Avg.  34.7 ms, Total. 69.33 ms (0.3%)
[Performance] InitializeOnLoad PurchasingService                                                                                                 :        2 samples, Peak.  4.38 ms (1.0x), Avg.  4.35 ms, Total. 8.691 ms (0.0%)
[Performance] InitializeOnLoad CloudBuildPoller                                                                                                  :        2 samples, Peak.  74.8 us (1.1x), Avg.  69.0 us, Total. 138.0 us (0.0%)
[Performance] InitializeOnLoad EditorGameServicesAnalytics                                                                                       :        2 samples, Peak.   968 us (1.3x), Avg.   758 us, Total. 1.515 ms (0.0%)
[Performance] InitializeOnLoad AnalyticsService                                                                                                  :        2 samples, Peak.   249 us (1.4x), Avg.   182 us, Total. 363.9 us (0.0%)
[Performance] InitializeOnLoad BuildService                                                                                                      :        2 samples, Peak.   104 us (1.1x), Avg.  95.4 us, Total. 190.9 us (0.0%)
[Performance] InitializeOnLoad AdsService                                                                                                        :        2 samples, Peak.   246 us (1.0x), Avg.   245 us, Total. 489.3 us (0.0%)
[Performance] InitializeOnLoad UDPService                                                                                                        :        2 samples, Peak.  94.5 us (1.0x), Avg.  90.9 us, Total. 181.7 us (0.0%)
[Performance] InitializeOnLoad CrashService                                                                                                      :        2 samples, Peak.  80.8 us (1.0x), Avg.  79.0 us, Total. 158.0 us (0.0%)
[Performance] InitializeOnLoad ServicesRepository                                                                                                :        2 samples, Peak.   200 ns (1.0x), Avg.   200 ns, Total. 400.0 ns (0.0%)
[Performance] InitializeOnLoad SearchWindow                                                                                                      :        2 samples, Peak.  92.1 us (1.2x), Avg.  78.2 us, Total. 156.4 us (0.0%)
[Performance] InitializeOnLoad CustomIndexers                                                                                                    :        2 samples, Peak.  10.3 ms (1.0x), Avg.  9.96 ms, Total. 19.93 ms (0.1%)
[Performance] InitializeOnLoad SearchMonitor                                                                                                     :        2 samples, Peak.   627 us (1.1x), Avg.   559 us, Total. 1.119 ms (0.0%)
[Performance] InitializeOnLoad ParameterControllerEditor                                                                                         :        2 samples, Peak.  31.8 us (1.4x), Avg.  22.0 us, Total. 43.90 us (0.0%)
[Performance] InitializeOnLoad LayerSettingsWindow                                                                                               :        2 samples, Peak.  14.7 us (1.7x), Avg.  8.60 us, Total. 17.20 us (0.0%)
[Performance] InitializeOnLoad PackageManagerHookGUIDConverter.RegisterPackagesEventHandler                                                      :        2 samples, Peak.   515 us (1.7x), Avg.   303 us, Total. 606.1 us (0.0%)
[Performance] InitializeOnLoad EditorDragAndDrop.RegisterEditorClient                                                                            :        2 samples, Peak.   167 us (1.2x), Avg.   139 us, Total. 278.4 us (0.0%)
[Performance] InitializeOnLoad EditorEventCallbacks.InitializeFontAssetResourceChangeCallBacks                                                   :        2 samples, Peak.   707 us (1.0x), Avg.   698 us, Total. 1.397 ms (0.0%)
[Performance] InitializeOnLoad SceneTemplateService.Init                                                                                         :        2 samples, Peak.   704 us (1.2x), Avg.   611 us, Total. 1.221 ms (0.0%)
[Performance] InitializeOnLoad DiagnosticSwitchesConsoleMessage.Init                                                                             :        2 samples, Peak.  5.67 ms (1.9x), Avg.  2.98 ms, Total. 5.961 ms (0.0%)
[Performance] InitializeOnLoad MemoryProfilerCompilationGuard.InjectCompileGuard                                                                 :        2 samples, Peak.   107 us (1.5x), Avg.  72.2 us, Total. 144.3 us (0.0%)
[Performance] InitializeOnLoad EditorWindow.Initialize                                                                                           :        2 samples, Peak.   176 us (1.1x), Avg.   155 us, Total. 310.9 us (0.0%)
[Performance] InitializeOnLoad AssetPostprocessingInternal.RefreshCustomDependencies                                                             :        2 samples, Peak.  1.82 ms (1.2x), Avg.  1.57 ms, Total. 3.132 ms (0.0%)
[Performance] InitializeOnLoad SysrootManager.Initialize                                                                                         :        2 samples, Peak.  11.3 us (1.2x), Avg.  9.60 us, Total. 19.20 us (0.0%)
[Performance] InitializeOnLoad PackageManagerWindow.EditorInitializedInSafeMode                                                                  :        2 samples, Peak.  16.2 ms (2.0x), Avg.  8.15 ms, Total. 16.31 ms (0.1%)
[Performance] InitializeOnLoad ToolShortcutContext.Init                                                                                          :        2 samples, Peak.   106 us (1.1x), Avg.  97.9 us, Total. 195.8 us (0.0%)
[Performance] InitializeOnLoad SceneVisibilityManager.Initialize                                                                                 :        2 samples, Peak.  1.87 ms (1.6x), Avg.  1.19 ms, Total. 2.390 ms (0.0%)
[Performance] InitializeOnLoad ScopedRegistryAddedPopup.SubscribeToRegistriesAdded                                                               :        2 samples, Peak.  4.23 ms (2.0x), Avg.  2.15 ms, Total. 4.294 ms (0.0%)
[Performance] AssemblyReloadEvents.afterAssemblyReload: UnityEditor.SceneTemplate.SceneTemplateService.AfterAssemblyReload                       :        2 samples, Peak.  1.99 ms (1.8x), Avg.  1.10 ms, Total. 2.208 ms (0.0%)
[Performance] ProcessService.EditorAfterLoadAllAssemblies                                                                                        :        2 samples, Peak.   219 us (1.2x), Avg.   189 us, Total. 377.1 us (0.0%)
[Performance] Application.ReadLicenseInfo                                                                                                        :        1 samples, Peak.  13.9 ms (1.0x), Avg.  13.9 ms, Total. 13.90 ms (0.1%)
[Performance] Application.InitialRefresh                                                                                                         :        1 samples, Peak.  4.65 s (1.0x), Avg.  4.65 s, Total. 4.649 s (19.4%)
[Performance] Compiling Scripts                                                                                                                  :        1 samples, Peak.  1.05 s (1.0x), Avg.  1.05 s, Total. 1.055 s (4.4%)
[Performance] AssemblyReloadEvents.beforeAssemblyReload: UnityEditor.SceneTemplate.SceneTemplateService.BeforeAssemblyReload                     :        1 samples, Peak.   289 us (1.0x), Avg.   289 us, Total. 289.5 us (0.0%)
[Performance] InitializeOnLoad MoveToAssetsFolder                                                                                                :        1 samples, Peak.  32.9 ms (1.0x), Avg.  32.9 ms, Total. 32.92 ms (0.1%)
[Performance] AssetDatabase.Refresh                                                                                                              :        1 samples, Peak.  1.10 us (1.0x), Avg.  1.10 us, Total. 1.100 us (0.0%)
[Performance] InitializeOnLoad BackgroundWatcher                                                                                                 :        1 samples, Peak.   122 us (1.0x), Avg.   122 us, Total. 121.6 us (0.0%)
[Performance] InitializeOnLoad UnityTestProtocolStarter                                                                                          :        1 samples, Peak.   156 us (1.0x), Avg.   156 us, Total. 156.4 us (0.0%)
[Performance] InitializeOnLoad TestStarter                                                                                                       :        1 samples, Peak.  1.87 ms (1.0x), Avg.  1.87 ms, Total. 1.874 ms (0.0%)
[Performance] InitializeOnLoad RerunCallbackInitializer                                                                                          :        1 samples, Peak.  1.47 ms (1.0x), Avg.  1.47 ms, Total. 1.473 ms (0.0%)
[Performance] InitializeOnLoad BurstLoader                                                                                                       :        1 samples, Peak.  1.25 s (1.0x), Avg.  1.25 s, Total. 1.247 s (5.2%)
[Performance] InitializeOnLoad EditorToolManager                                                                                                 :        1 samples, Peak.  1.86 ms (1.0x), Avg.  1.86 ms, Total. 1.864 ms (0.0%)
[Performance] InitializeOnLoad RedistInstall                                                                                                     :        1 samples, Peak.   211 us (1.0x), Avg.   211 us, Total. 211.3 us (0.0%)
[Performance] InitializeOnLoad RiderScriptEditor                                                                                                 :        1 samples, Peak.  6.03 ms (1.0x), Avg.  6.03 ms, Total. 6.035 ms (0.0%)
[Performance] InitializeOnLoad CallbackInitializer                                                                                               :        1 samples, Peak.   931 us (1.0x), Avg.   931 us, Total. 930.8 us (0.0%)
[Performance] InitializeOnLoad SpriteEditorWindow                                                                                                :        1 samples, Peak.   330 us (1.0x), Avg.   330 us, Total. 329.7 us (0.0%)
[Performance] InitializeOnLoad PackageEntryPoint                                                                                                 :        1 samples, Peak.   155 ms (1.0x), Avg.   155 ms, Total. 155.3 ms (0.6%)
[Performance] InitializeOnLoad BackgroundImport                                                                                                  :        1 samples, Peak.   139 us (1.0x), Avg.   139 us, Total. 139.3 us (0.0%)
[Performance] InitializeOnLoad LegacyServerSrcMigration                                                                                          :        1 samples, Peak.   165 us (1.0x), Avg.   165 us, Total. 164.5 us (0.0%)
[Performance] InitializeOnLoad TransportCommandDispatcher                                                                                        :        1 samples, Peak.   501 ms (1.0x), Avg.   501 ms, Total. 500.6 ms (2.1%)
[Performance] InitializeOnLoad McpEditorShutdownCleanup                                                                                          :        1 samples, Peak.   587 us (1.0x), Avg.   587 us, Total. 587.4 us (0.0%)
[Performance] InitializeOnLoad StdioBridgeReloadHandler                                                                                          :        1 samples, Peak.   276 us (1.0x), Avg.   276 us, Total. 276.1 us (0.0%)
[Performance] InitializeOnLoad EditorStateCache                                                                                                  :        1 samples, Peak.  74.8 ms (1.0x), Avg.  74.8 ms, Total. 74.82 ms (0.3%)
[Performance] InitializeOnLoad StdIoVersionMigration                                                                                             :        1 samples, Peak.  69.3 us (1.0x), Avg.  69.3 us, Total. 69.30 us (0.0%)
[Performance] InitializeOnLoad StartupConfigRewrite                                                                                              :        1 samples, Peak.   107 us (1.0x), Avg.   107 us, Total. 106.8 us (0.0%)
[Performance] InitializeOnLoad HttpAutoStartHandler                                                                                              :        1 samples, Peak.  84.3 us (1.0x), Avg.  84.3 us, Total. 84.30 us (0.0%)
[Performance] InitializeOnLoad StdioBridgeHost                                                                                                   :        1 samples, Peak.   633 us (1.0x), Avg.   633 us, Total. 633.0 us (0.0%)
[Performance] InitializeOnLoad HttpBridgeReloadHandler                                                                                           :        1 samples, Peak.   314 us (1.0x), Avg.   314 us, Total. 313.6 us (0.0%)
[Performance] InitializeOnLoad AssetGenJobManager                                                                                                :        1 samples, Peak.   850 us (1.0x), Avg.   850 us, Total. 849.7 us (0.0%)
[Performance] InitializeOnLoad TestRunnerNoThrottle                                                                                              :        1 samples, Peak.   630 us (1.0x), Avg.   630 us, Total. 630.3 us (0.0%)
[Performance] InitializeOnLoad ProjectIdentityUtility                                                                                            :        1 samples, Peak.   164 us (1.0x), Avg.   164 us, Total. 164.3 us (0.0%)
[Performance] InitializeOnLoad SetupWindowService                                                                                                :        1 samples, Peak.  78.9 us (1.0x), Avg.  78.9 us, Total. 78.90 us (0.0%)
[Performance] InitializeOnLoad PlayModeOptionsGuard                                                                                              :        1 samples, Peak.   280 us (1.0x), Avg.   280 us, Total. 279.8 us (0.0%)
[Performance] InitializeOnLoad VisualStudioEditor                                                                                                :        1 samples, Peak.  4.79 ms (1.0x), Avg.  4.79 ms, Total. 4.788 ms (0.0%)
[Performance] InitializeOnLoad TestRunnerApiListener                                                                                             :        1 samples, Peak.   642 us (1.0x), Avg.   642 us, Total. 642.4 us (0.0%)
[Performance] InitializeOnLoad VisualStudioIntegration                                                                                           :        1 samples, Peak.  1.60 ms (1.0x), Avg.  1.60 ms, Total. 1.602 ms (0.0%)
[Performance] InitializeOnLoad PrefabLayoutRebuilder                                                                                             :        1 samples, Peak.   223 us (1.0x), Avg.   223 us, Total. 223.2 us (0.0%)
[Performance] InitializeOnLoad SpriteSkinCompositeStartup                                                                                        :        1 samples, Peak.  10.1 ms (1.0x), Avg.  10.1 ms, Total. 10.11 ms (0.0%)
[Performance] InitializeOnLoad AndroidManifestHelper                                                                                             :        1 samples, Peak.  21.7 us (1.0x), Avg.  21.7 us, Total. 21.70 us (0.0%)
[Performance] InitializeOnLoad MirrorRenderPipelineConverter                                                                                     :        1 samples, Peak.   150 us (1.0x), Avg.   150 us, Total. 149.5 us (0.0%)
[Performance] InitializeOnLoad UnityInternalsInjector                                                                                            :        1 samples, Peak.   753 us (1.0x), Avg.   753 us, Total. 752.9 us (0.0%)
[Performance] InitializeOnLoad UVCSToolbarBoostrap                                                                                               :        1 samples, Peak.  72.9 ms (1.0x), Avg.  72.9 ms, Total. 72.92 ms (0.3%)
[Performance] InitializeOnLoad UnityAnalyticsStorage                                                                                             :        1 samples, Peak.   883 us (1.0x), Avg.   883 us, Total. 882.6 us (0.0%)
[Performance] InitializeOnLoad BoneGizmoInitializer                                                                                              :        1 samples, Peak.  2.31 ms (1.0x), Avg.  2.31 ms, Total. 2.308 ms (0.0%)
[Performance] InitializeOnLoad Analytics                                                                                                         :        1 samples, Peak.   264 us (1.0x), Avg.   264 us, Total. 263.6 us (0.0%)
[Performance] InitializeOnLoad SceneDragAndDrop                                                                                                  :        1 samples, Peak.   203 us (1.0x), Avg.   203 us, Total. 203.1 us (0.0%)
[Performance] InitializeOnLoad SpriteShapeUpdateCache                                                                                            :        1 samples, Peak.   424 us (1.0x), Avg.   424 us, Total. 424.1 us (0.0%)
[Performance] InitializeOnLoad SpriteShapeUnityAnalyticsStorage                                                                                  :        1 samples, Peak.  33.7 us (1.0x), Avg.  33.7 us, Total. 33.70 us (0.0%)
[Performance] InitializeOnLoad IKEditorManager.CreateInstance                                                                                    :        1 samples, Peak.  2.25 ms (1.0x), Avg.  2.25 ms, Total. 2.253 ms (0.0%)
[Performance] InitializeOnLoad $BurstDirectCallInitializer.Initialize                                                                            :        7 samples, Peak.  59.2 ms (4.9x), Avg.  12.2 ms, Total. 85.44 ms (0.4%)
[Performance] InitializeOnLoad SceneViewGridManager.Initialize                                                                                   :        1 samples, Peak.  7.79 ms (1.0x), Avg.  7.79 ms, Total. 7.791 ms (0.0%)
[Performance] InitializeOnLoad TilemapPrefabStageHelper.Initialize                                                                               :        1 samples, Peak.  1.57 ms (1.0x), Avg.  1.57 ms, Total. 1.568 ms (0.0%)
[Performance] InitializeOnLoad SceneViewOpenTilePaletteHelper.Initialize                                                                         :        1 samples, Peak.   986 us (1.0x), Avg.   986 us, Total. 986.0 us (0.0%)
[Performance] InitializeOnLoad TileDragAndDropManager.Initialize                                                                                 :        1 samples, Peak.   860 us (1.0x), Avg.   860 us, Total. 860.4 us (0.0%)
[Performance] InitializeOnLoad SysrootPackage.IssueWarningIfLinuxIL2CPPNotPresent                                                                :        1 samples, Peak.   167 us (1.0x), Avg.   167 us, Total. 167.3 us (0.0%)
[Performance] InitializeOnLoad GeneratedNetworkCode.InitReadWriters                                                                              :        4 samples, Peak.  10.6 ms (2.5x), Avg.  4.15 ms, Total. 16.60 ms (0.1%)
[Performance] InitializeOnLoad Welcome.OnInitializeOnLoad                                                                                        :        1 samples, Peak.   542 us (1.0x), Avg.   542 us, Total. 541.9 us (0.0%)
[Performance] InitializeOnLoad VisualStudioEditor.LegacyVisualStudioCodePackageDisabler                                                          :        1 samples, Peak.   283 us (1.0x), Avg.   283 us, Total. 283.5 us (0.0%)
[Performance] InitializeOnLoad PostInstallScript.Execute                                                                                         :        1 samples, Peak.   822 us (1.0x), Avg.   822 us, Total. 821.8 us (0.0%)
[Performance] InitializeOnLoad UnityReflect.OnLoad                                                                                               :        1 samples, Peak.  1.10 ms (1.0x), Avg.  1.10 ms, Total. 1.101 ms (0.0%)
[Performance] InitializeOnLoad GetMenuItems.BuildCache                                                                                           :        1 samples, Peak.  11.7 ms (1.0x), Avg.  11.7 ms, Total. 11.66 ms (0.0%)
[Performance] InitializeOnLoad ExecuteCode.OnDomainReload                                                                                        :        1 samples, Peak.   569 us (1.0x), Avg.   569 us, Total. 569.0 us (0.0%)
[Performance] InitializeOnLoad McpLogRecord.RefreshFromPrefs                                                                                     :        1 samples, Peak.   188 us (1.0x), Avg.   188 us, Total. 187.7 us (0.0%)
[Performance] InitializeOnLoad BackgroundImport.Setup                                                                                            :        1 samples, Peak.   797 us (1.0x), Avg.   797 us, Total. 796.6 us (0.0%)
[Performance] InitializeOnLoad TestJobDataHolder.ResumeRunningJobs                                                                               :        1 samples, Peak.   971 us (1.0x), Avg.   971 us, Total. 971.0 us (0.0%)
[Performance] InitializeOnLoad AnalyticsReporter.RegisterCallbacks                                                                               :        1 samples, Peak.   366 us (1.0x), Avg.   366 us, Total. 365.9 us (0.0%)
[Performance] InitializeOnLoad PreprocessorDefine.AddDefineSymbols                                                                               :        1 samples, Peak.   424 us (1.0x), Avg.   424 us, Total. 424.4 us (0.0%)
[Performance] InitializeOnLoad EdgegapWindowV2.AddDefineSymbols                                                                                  :        1 samples, Peak.   134 us (1.0x), Avg.   134 us, Total. 134.3 us (0.0%)
[Performance] InitializeOnLoad LocalhostBuildMenu.RunBatchBuildWhenRequested                                                                     :        1 samples, Peak.   116 us (1.0x), Avg.   116 us, Total. 116.3 us (0.0%)
[Performance] InitializeOnLoad ExternalContentRuntime.RegisterEditorLifetime                                                                     :        1 samples, Peak.   259 us (1.0x), Avg.   259 us, Total. 258.7 us (0.0%)
[Performance] DidReloadScriptsTestRunnerWindow.CompilationCallback                                                                               :        1 samples, Peak.   142 us (1.0x), Avg.   142 us, Total. 141.9 us (0.0%)
[Performance] DidReloadScriptsTestListCache.ScriptReloaded                                                                                       :        1 samples, Peak.   942 us (1.0x), Avg.   942 us, Total. 941.9 us (0.0%)
[Performance] DidReloadScriptsAdvancedDropdownWindow.OnScriptReload                                                                              :        1 samples, Peak.   191 us (1.0x), Avg.   191 us, Total. 191.3 us (0.0%)
[Performance] AssemblyReloadEvents.afterAssemblyReload: MCPForUnity.Editor.Services.StdioBridgeReloadHandler.OnAfterAssemblyReload               :        1 samples, Peak.   773 us (1.0x), Avg.   773 us, Total. 772.8 us (0.0%)
[Performance] AssemblyReloadEvents.afterAssemblyReload: callback in MCPForUnity.Editor.Services.EditorStateCache                                 :        1 samples, Peak.   285 us (1.0x), Avg.   285 us, Total. 285.3 us (0.0%)
[Performance] AssemblyReloadEvents.afterAssemblyReload: MCPForUnity.Editor.Services.HttpBridgeReloadHandler.OnAfterAssemblyReload                :        1 samples, Peak.   103 us (1.0x), Avg.   103 us, Total. 102.5 us (0.0%)
[Performance] AssemblyReloadEvents.afterAssemblyReload: UnityEditor.U2D.Animation.BoneGizmo.OnAfterAssemblyReload                                :        1 samples, Peak.   509 us (1.0x), Avg.   509 us, Total. 508.5 us (0.0%)
[Performance] AssemblyReloadEvents.afterAssemblyReload: MCPForUnity.Editor.Tools.UnityReflect.InvalidateCache                                    :        1 samples, Peak.   260 us (1.0x), Avg.   260 us, Total. 260.3 us (0.0%)
[Performance] SyncVS.PostprocessSyncProject                                                                                                      :        3 samples, Peak.  1.99 ms (2.6x), Avg.   759 us, Total. 2.278 ms (0.0%)
[Performance] Application.ImportPackagesAndSetTemplateWhenCreatingProject                                                                        :        1 samples, Peak.  9.74 ms (1.0x), Avg.  9.74 ms, Total. 9.741 ms (0.0%)
[Performance] Application.SyncCurrentColorSpace                                                                                                  :        1 samples, Peak.  49.4 ms (1.0x), Avg.  49.4 ms, Total. 49.35 ms (0.2%)
[Performance] Application.OnUsbDevicesChanged                                                                                                    :        1 samples, Peak.  3.89 ms (1.0x), Avg.  3.89 ms, Total. 3.892 ms (0.0%)
[Performance] Application.AssetInstanceCacheUpdate                                                                                               :        1 samples, Peak. 100.0 ns (1.0x), Avg. 100.0 ns, Total. 100.00 ns (0.0%)
[Performance] Application.UnityExtensions.Initialize                                                                                             :        1 samples, Peak.  3.04 ms (1.0x), Avg.  3.04 ms, Total. 3.038 ms (0.0%)
[Performance] CodeEditorProjectSync.SyncEditorProject                                                                                            :        1 samples, Peak.   198 ms (1.0x), Avg.   198 ms, Total. 197.9 ms (0.8%)
[Performance] Application.ExecuteStartups                                                                                                        :        1 samples, Peak.  42.8 ms (1.0x), Avg.  42.8 ms, Total. 42.85 ms (0.2%)
[Performance] Menu.RegisterMenuInterface                                                                                                         :       26 samples, Peak.  1.90 us (10.5x), Avg.   181 ns, Total. 4.700 us (0.0%)
[Performance] Gizmo.RebuildRenderers                                                                                                             :        2 samples, Peak.  41.7 ms (1.6x), Avg.  26.8 ms, Total. 53.56 ms (0.2%)
[Performance] Gizmo.AddGizmoRenderers                                                                                                            :      250 samples, Peak.  1.20 ms (81.8x), Avg.  14.7 us, Total. 3.669 ms (0.0%)
[Performance] Application.editorInitializingProject                                                                                              :        1 samples, Peak.  12.9 us (1.0x), Avg.  12.9 us, Total. 12.90 us (0.0%)
[Performance] Application.FinishLoadingProject                                                                                                   :        1 samples, Peak.   310 ms (1.0x), Avg.   310 ms, Total. 309.9 ms (1.3%)
[Performance] Application.InitializeMenu                                                                                                         :        1 samples, Peak.   109 ms (1.0x), Avg.   109 ms, Total. 108.7 ms (0.5%)
[Performance] Menu.RebuildAll                                                                                                                    :        1 samples, Peak.   109 ms (1.0x), Avg.   109 ms, Total. 108.7 ms (0.5%)
[Performance] Menu.BuildRegisteredMenuInterfaces                                                                                                 :        1 samples, Peak.   106 ms (1.0x), Avg.   106 ms, Total. 106.1 ms (0.4%)
[Performance] Menu.FilterMenuItem                                                                                                                :      946 samples, Peak.  31.8 ms (919.9x), Avg.  34.5 us, Total. 32.68 ms (0.1%)
[Performance] UpdateAllMenus                                                                                                                     :        1 samples, Peak.   369 us (1.0x), Avg.   369 us, Total. 368.7 us (0.0%)
[Performance] Menu.RebuildOSMainMenu                                                                                                             :        1 samples, Peak.  2.01 ms (1.0x), Avg.  2.01 ms, Total. 2.014 ms (0.0%)
[Performance] EditorSceneManager.sceneClosing: UnityEditor.SceneVisibilityManager.EditorSceneManagerOnSceneClosing                               :        2 samples, Peak.   196 us (2.0x), Avg.   100 us, Total. 200.7 us (0.0%)
[Performance] GUIView.RepaintAll.PlayerLoopController                                                                                            :     4673 samples, Peak.  1.50 us (16.0x), Avg.  93.6 ns, Total. 437.4 us (0.0%)
[Performance] EditorSceneManager.newSceneCreated: UnityEditor.SceneTemplate.SceneTemplateService.OnNewSceneCreated                               :        2 samples, Peak.  1.17 ms (2.0x), Avg.   586 us, Total. 1.172 ms (0.0%)
[Performance] EditorSceneManager.newSceneCreated: UnityEditor.SceneVisibilityManager.EditorSceneManagerOnNewSceneCreated                         :        2 samples, Peak.   145 us (1.9x), Avg.  74.4 us, Total. 148.8 us (0.0%)
[Performance] EditorSceneManager.newSceneCreated: UnityEditor.SceneManagement.StageNavigationManager.OnNewSceneCreated                           :        2 samples, Peak.  36.0 us (2.0x), Avg.  18.3 us, Total. 36.60 us (0.0%)
[Performance] Application.InvokeFinishedLoadingProject                                                                                           :        1 samples, Peak.   172 ms (1.0x), Avg.   172 ms, Total. 172.1 ms (0.7%)
[Performance] ProcessService.OnProjectLoaded                                                                                                     :        1 samples, Peak.  39.6 us (1.0x), Avg.  39.6 us, Total. 39.60 us (0.0%)
[Performance] VersionControl.Task.Wait                                                                                                           :        1 samples, Peak.  6.10 us (1.0x), Avg.  6.10 us, Total. 6.100 us (0.0%)
[Performance] Application.InvokeProjectWasLoaded                                                                                                 :        1 samples, Peak.  25.9 us (1.0x), Avg.  25.9 us, Total. 25.90 us (0.0%)
[Performance] Application.Message                                                                                                                :     4671 samples, Peak.  61.4 us (504.6x), Avg.   122 ns, Total. 568.4 us (0.0%)
[Performance] Application.Message.Timer                                                                                                          :        5 samples, Peak.  24.1 us (1.3x), Avg.  18.2 us, Total. 91.00 us (0.0%)
[Performance] Application.Message.WM_0031F                                                                                                       :        1 samples, Peak.  8.50 us (1.0x), Avg.  8.50 us, Total. 8.500 us (0.0%)
[Performance] Application.Tick                                                                                                                   :     4670 samples, Peak.  1.28 s (2258.2x), Avg.   566 us, Total. 2.645 s (11.0%)
[Performance] CheckLicensingClient                                                                                                               :        1 samples, Peak.  7.70 us (1.0x), Avg.  7.70 us, Total. 7.700 us (0.0%)
[Performance] CheckLicensingClientNotification                                                                                                   :        1 samples, Peak.  11.6 us (1.0x), Avg.  11.6 us, Total. 11.60 us (0.0%)
[Performance] LicenseActivated.Tick                                                                                                              :        1 samples, Peak.  7.30 us (1.0x), Avg.  7.30 us, Total. 7.300 us (0.0%)
[Performance] Application.TickVersionControl                                                                                                     :     4671 samples, Peak.  1.50 us (13.7x), Avg.   109 ns, Total. 511.1 us (0.0%)
[Performance] MonoCompiler.Tick                                                                                                                  :        7 samples, Peak.  18.0 us (2.5x), Avg.  7.13 us, Total. 49.90 us (0.0%)
[Performance] UnityConnect.Tick                                                                                                                  :        4 samples, Peak.  4.54 ms (4.0x), Avg.  1.15 ms, Total. 4.591 ms (0.0%)
[Performance] UnityVersionControl.Tick                                                                                                           :        4 samples, Peak.   800 ns (2.9x), Avg.   275 ns, Total. 1.100 us (0.0%)
[Performance] CurlRequest.Tick                                                                                                                   :       11 samples, Peak.  50.3 us (9.2x), Avg.  5.48 us, Total. 60.30 us (0.0%)
[Performance] HubClient.Tick                                                                                                                     :       11 samples, Peak.   500 ns (1.8x), Avg.   282 ns, Total. 3.100 us (0.0%)
[Performance] AssetDatabase.Tick                                                                                                                 :       11 samples, Peak.  62.0 us (10.7x), Avg.  5.82 us, Total. 64.00 us (0.0%)
[Performance] SceneBackgroundTask.Tick                                                                                                           :        7 samples, Peak.   300 ns (1.9x), Avg.   157 ns, Total. 1.100 us (0.0%)
[Performance] Scheduler.Tick                                                                                                                     :       51 samples, Peak.  1.66 ms (44.9x), Avg.  37.0 us, Total. 1.886 ms (0.0%)
[Performance] RepaintAllProfilerWindows                                                                                                          :        3 samples, Peak.   196 us (3.0x), Avg.  66.0 us, Total. 197.9 us (0.0%)
[Performance] PlayerUpdates.Tick                                                                                                                 :       17 samples, Peak.  21.3 us (1.7x), Avg.  12.6 us, Total. 213.7 us (0.0%)
[Performance] Application.TickGlobalCallbacks                                                                                                    :     4671 samples, Peak.  20.5 ms (1683.5x), Avg.  12.2 us, Total. 56.90 ms (0.2%)
[Performance] CoreBusinessMetrics.Tick                                                                                                           :        1 samples, Peak.  45.8 us (1.0x), Avg.  45.8 us, Total. 45.80 us (0.0%)
[Performance] EditorAnalytics.Tick                                                                                                               :        6 samples, Peak.  6.80 us (5.1x), Avg.  1.33 us, Total. 8.000 us (0.0%)
[Performance] GI.Tick                                                                                                                            :        4 samples, Peak.   568 us (3.1x), Avg.   181 us, Total. 724.7 us (0.0%)
[Performance] Video.Update                                                                                                                       :     4671 samples, Peak.  6.00 us (66.7x), Avg.  89.9 ns, Total. 420.0 us (0.0%)
[Performance] UnitySynchronization.ExecuteTasks                                                                                                  :        4 samples, Peak.  4.10 us (2.0x), Avg.  2.03 us, Total. 8.100 us (0.0%)
[Performance] Application.TickPreloadManager                                                                                                     :        5 samples, Peak.  5.40 us (2.3x), Avg.  2.32 us, Total. 11.60 us (0.0%)
[Performance] Application.TickProgress                                                                                                           :     4671 samples, Peak.  1.59 ms (3743.4x), Avg.   424 ns, Total. 1.983 ms (0.0%)
[Performance] Application.TickSceneTracker                                                                                                       :     4671 samples, Peak.   170 ms (2344.8x), Avg.  72.3 us, Total. 337.7 ms (1.4%)
[Performance] EditorApplication.update                                                                                                           :     4671 samples, Peak.   170 ms (2382.2x), Avg.  71.2 us, Total. 332.4 ms (1.4%)
[Performance] EditorApplication.update: UnityEditor.TestTools.TestRunner.CommandLineTest.TestStarter.UpdateWatch                                 :        1 samples, Peak.  12.4 ms (1.0x), Avg.  12.4 ms, Total. 12.37 ms (0.1%)
[Performance] EditorApplication.update: Unity.PlasticSCM.Editor.Hub.ProcessHubCommand.RunOnceWhenAccessTokenIsInitialized                        :     4671 samples, Peak.   129 us (315.7x), Avg.   408 ns, Total. 1.904 ms (0.0%)
[Performance] EditorApplication.update: MCPForUnity.Editor.Services.Transport.TransportCommandDispatcher.ProcessQueue                            :     4671 samples, Peak.   393 us (1434.0x), Avg.   274 ns, Total. 1.281 ms (0.0%)
[Performance] EditorApplication.update: MCPForUnity.Editor.Services.EditorStateCache.OnUpdate                                                    :     4671 samples, Peak.   303 us (640.6x), Avg.   473 ns, Total. 2.209 ms (0.0%)
[Performance] EditorApplication.update: callback in Microsoft.Unity.VisualStudio.Editor.VisualStudioIntegration                                  :        1 samples, Peak.  6.03 ms (1.0x), Avg.  6.03 ms, Total. 6.025 ms (0.0%)
[Performance] EditorApplication.update: Microsoft.Unity.VisualStudio.Editor.VisualStudioIntegration.OnUpdate                                     :     4671 samples, Peak.   219 us (591.3x), Avg.   371 ns, Total. 1.733 ms (0.0%)
[Performance] EditorApplication.update: callback in Unity.PlasticSCM.Editor.Execute                                                              :        1 samples, Peak.   378 us (1.0x), Avg.   378 us, Total. 378.3 us (0.0%)
[Performance] EditorApplication.update: UnityEditor.U2D.Aseprite.BackgroundImport.OnUpdate                                                       :     4671 samples, Peak.   190 us (242.1x), Avg.   784 ns, Total. 3.661 ms (0.0%)
[Performance] EditorApplication.update: UnityEditor.PackageManager.UI.Internal.ApplicationProxy.OnUpdate                                         :     4671 samples, Peak.   360 us (862.0x), Avg.   418 ns, Total. 1.951 ms (0.0%)
[Performance] EditorApplication.update: UnityEditor.SceneManagement.StageNavigationManager.Update                                                :     4671 samples, Peak.   263 us (1507.8x), Avg.   174 ns, Total. 813.2 us (0.0%)
[Performance] ConsoleLog.Tick                                                                                                                    :        7 samples, Peak.   149 us (6.0x), Avg.  24.8 us, Total. 173.9 us (0.0%)
[Performance] HierarchyWindow.Tick                                                                                                               :        7 samples, Peak.  2.88 ms (5.6x), Avg.   510 us, Total. 3.570 ms (0.0%)
[Performance] EditorApplication.hierarchyChanged: Unity.UIElements.Editor.UIDocumentHierarchyWatcher.OnHierarchyChanged                          :        5 samples, Peak.   218 us (4.6x), Avg.  47.0 us, Total. 234.8 us (0.0%)
[Performance] EditorApplication.hierarchyChanged: UnityEditor.Tilemaps.SceneViewGridManager.UpdateCache                                          :        5 samples, Peak.  2.29 ms (5.0x), Avg.   461 us, Total. 2.303 ms (0.0%)
[Performance] EditorApplication.hierarchyChanged: UnityEditor.Tilemaps.SceneViewOpenTilePaletteHelper.SelectionChanged                           :        5 samples, Peak.  16.8 us (4.1x), Avg.  4.06 us, Total. 20.30 us (0.0%)
[Performance] Inspector.Tick                                                                                                                     :        7 samples, Peak.  22.8 ms (7.0x), Avg.  3.26 ms, Total. 22.81 ms (0.1%)
[Performance] EditorApplication.delayCall: UnityEditor.ShortcutManagement.ShortcutIntegration.EnsureShortcutsAreInitialized                      :        1 samples, Peak.  19.5 ms (1.0x), Avg.  19.5 ms, Total. 19.50 ms (0.1%)
[Performance] EditorApplication.delayCall: callback in RedistInstall                                                                             :        1 samples, Peak.   880 us (1.0x), Avg.   880 us, Total. 879.8 us (0.0%)
[Performance] EditorApplication.delayCall: MCPForUnity.Editor.Helpers.ProjectIdentityUtility.CacheIdentityOnMainThread                           :        2 samples, Peak.  1.10 ms (2.0x), Avg.   562 us, Total. 1.124 ms (0.0%)
[Performance] EditorApplication.delayCall: Mirror.Examples.Editor.MirrorRenderPipelineConverter.CheckPipelineOnLoad                              :        1 samples, Peak.   183 us (1.0x), Avg.   183 us, Total. 183.4 us (0.0%)
[Performance] EditorApplication.delayCall: callback in UnityEditor.EditorWindow                                                                  :        1 samples, Peak.   836 us (1.0x), Avg.   836 us, Total. 835.5 us (0.0%)
[Performance] EditorApplication.delayCall: callback in UnityEditor.EditorTools.ToolShortcutContext                                               :        1 samples, Peak.  70.3 us (1.0x), Avg.  70.3 us, Total. 70.30 us (0.0%)
[Performance] EditorApplication.delayCall: callback in UnityEditor.SceneVisibilityManager                                                        :        1 samples, Peak.  24.0 us (1.0x), Avg.  24.0 us, Total. 24.00 us (0.0%)
[Performance] EditorApplication.delayCall: UnityEditor.EditorTools.EditorToolContext.Activate                                                    :        1 samples, Peak.  1.10 us (1.0x), Avg.  1.10 us, Total. 1.100 us (0.0%)
[Performance] Tooltip.Tick                                                                                                                       :       16 samples, Peak.  51.2 us (11.4x), Avg.  4.49 us, Total. 71.90 us (0.0%)
[Performance] Application.RequestRepaintForPanels                                                                                                :     4671 samples, Peak.   277 us (529.5x), Avg.   523 ns, Total. 2.444 ms (0.0%)
[Performance] Application.UpdateScene                                                                                                            :     4670 samples, Peak.  1.28 s (2971.8x), Avg.   430 us, Total. 2.010 s (8.4%)
[Performance] Application.UpdateTextureStreaming                                                                                                 :        5 samples, Peak.   200 ns (1.4x), Avg.   140 ns, Total. 700.0 ns (0.0%)
[Performance] Application.UpdateVideoTextures                                                                                                    :        5 samples, Peak.   100 ns (1.7x), Avg.  60.0 ns, Total. 300.0 ns (0.0%)
[Performance] PackageImporter.Tick                                                                                                               :        7 samples, Peak.   400 ns (1.4x), Avg.   286 ns, Total. 2.000 us (0.0%)
[Performance] InspectorBackground.Tick                                                                                                           :        7 samples, Peak.   500 ns (1.8x), Avg.   271 ns, Total. 1.900 us (0.0%)
[Performance] BurstDebug.Tick                                                                                                                    :        3 samples, Peak.   500 ns (1.1x), Avg.   467 ns, Total. 1.400 us (0.0%)
[Performance] Application.ChangeLayoutIfNeeded                                                                                                   :     4670 samples, Peak.   400 ns (11.4x), Avg.  35.0 ns, Total. 163.5 us (0.0%)
[Performance] AsyncReadManager.ForceCloseFiles                                                                                                   :        2 samples, Peak.  21.5 us (2.0x), Avg.  10.9 us, Total. 21.90 us (0.0%)
[Performance] EditorApplication.update: UnityEditor.TestTools.TestRunner.TestRun.TestJobRunner.ExecuteStep                                       :     4670 samples, Peak.   170 ms (4349.1x), Avg.  39.0 us, Total. 182.0 ms (0.8%)
[Performance] PaletteAssetModificationProcessor.OnWillSaveAssets                                                                                 :        3 samples, Peak.  1.09 ms (3.0x), Avg.   369 us, Total. 1.106 ms (0.0%)
[Performance] UnityCloudProjectLinkMonitor.OnWillSaveAssets                                                                                      :        3 samples, Peak.   270 us (3.0x), Avg.  90.7 us, Total. 272.1 us (0.0%)
[Performance] UVCSAssetModificationProcessor.OnWillSaveAssets                                                                                    :        3 samples, Peak.   197 us (3.0x), Avg.  66.0 us, Total. 198.1 us (0.0%)
[Performance] BuilderAssetModificationProcessor.OnWillSaveAssets                                                                                 :        3 samples, Peak.   252 us (3.0x), Avg.  84.8 us, Total. 254.5 us (0.0%)
[Performance] TerrainModificationProcessor.OnWillSaveAssets                                                                                      :        3 samples, Peak.   354 us (3.0x), Avg.   119 us, Total. 355.9 us (0.0%)
[Performance] AssetDatabase.ImportAssets                                                                                                         :        6 samples, Peak.   600 ns (1.9x), Avg.   317 ns, Total. 1.900 us (0.0%)
[Performance] EditorSceneManager.sceneSaving: callback in UnityEditor.U2D.SpriteShapeUpdateCache                                                 :        1 samples, Peak.   714 us (1.0x), Avg.   714 us, Total. 713.9 us (0.0%)
[Performance] EditorSceneManager.sceneSaving: UnityEditor.SceneTemplate.SceneTemplateService.OnSceneSaving                                       :        1 samples, Peak.   176 us (1.0x), Avg.   176 us, Total. 175.7 us (0.0%)
[Performance] EditorSceneManager.sceneSaving: UnityEditor.SceneVisibilityManager.EditorSceneManagerOnSceneSaving                                 :        1 samples, Peak.  74.6 us (1.0x), Avg.  74.6 us, Total. 74.60 us (0.0%)
[Performance] PaletteAssetModificationProcessor.OnWillCreateAsset                                                                                :        2 samples, Peak.  71.9 us (1.9x), Avg.  38.4 us, Total. 76.70 us (0.0%)
[Performance] BuilderAssetModificationProcessor.OnWillCreateAsset                                                                                :        2 samples, Peak.   158 us (1.9x), Avg.  83.8 us, Total. 167.5 us (0.0%)
[Performance] AssetDatabase.ImportAsset                                                                                                          :        1 samples, Peak.  45.6 ms (1.0x), Avg.  45.6 ms, Total. 45.59 ms (0.2%)
[Performance] ShaderImporter.SourceAssetModified                                                                                                 :        2 samples, Peak.   500 ns (1.1x), Avg.   450 ns, Total. 900.0 ns (0.0%)
[Performance] ShaderIncludeImporter.SourceAssetModified                                                                                          :        2 samples, Peak.   600 ns (1.1x), Avg.   550 ns, Total. 1.100 us (0.0%)
[Performance] PSDImporterAssetPostProcessor.OnPreprocessAsset                                                                                    :        1 samples, Peak.   222 us (1.0x), Avg.   222 us, Total. 221.6 us (0.0%)
[Performance] PresetManagerPostProcessor.OnPreprocessAsset                                                                                       :        1 samples, Peak.   132 us (1.0x), Avg.   132 us, Total. 131.7 us (0.0%)
[Performance] CancelSplashScreenOnAssetChange.OnPreprocessAsset                                                                                  :        1 samples, Peak.  83.2 us (1.0x), Avg.  83.2 us, Total. 83.20 us (0.0%)
[Performance] SpritePostProcess.OnPreprocessAsset                                                                                                :        1 samples, Peak.  1.06 ms (1.0x), Avg.  1.06 ms, Total. 1.061 ms (0.0%)
[Performance] TMPro_TexturePostProcessor.OnPostprocessAllAssets                                                                                  :        4 samples, Peak.   504 us (2.4x), Avg.   213 us, Total. 852.5 us (0.0%)
[Performance] UVCSAssetPostprocessor.OnPostprocessAllAssets                                                                                      :        4 samples, Peak.   293 us (2.0x), Avg.   147 us, Total. 588.4 us (0.0%)
[Performance] BuilderAssetPostprocessor.OnPostprocessAllAssets                                                                                   :        4 samples, Peak.  1.81 ms (2.0x), Avg.   904 us, Total. 3.617 ms (0.0%)
[Performance] ArtifactBrowserPostProcessor.OnPostprocessAllAssets                                                                                :        4 samples, Peak.   311 us (2.0x), Avg.   156 us, Total. 624.2 us (0.0%)
[Performance] AssetEvents.OnPostprocessAllAssets                                                                                                 :        8 samples, Peak.   166 us (3.1x), Avg.  53.0 us, Total. 423.7 us (0.0%)
[Performance] AudioMixerPostprocessor.OnPostprocessAllAssets                                                                                     :        4 samples, Peak.   187 us (2.0x), Avg.  93.9 us, Total. 375.6 us (0.0%)
[Performance] StyleCatalogPostProcessor.OnPostprocessAllAssets                                                                                   :        4 samples, Peak.  7.55 ms (2.0x), Avg.  3.78 ms, Total. 15.12 ms (0.1%)
[Performance] BuildCatalog                                                                                                                       :        1 samples, Peak.  6.90 ms (1.0x), Avg.  6.90 ms, Total. 6.905 ms (0.0%)
[Performance] ModelImporterPostProcessor.OnPostprocessAllAssets                                                                                  :        4 samples, Peak.  1.18 ms (2.0x), Avg.   592 us, Total. 2.366 ms (0.0%)
[Performance] RetainedModeAssetPostprocessor.OnPostprocessAllAssets                                                                              :        4 samples, Peak.  1.41 ms (1.8x), Avg.   765 us, Total. 3.062 ms (0.0%)
[Performance] AssetChangedListener.OnPostprocessAllAssets                                                                                        :        4 samples, Peak.   996 us (1.8x), Avg.   568 us, Total. 2.274 ms (0.0%)
[Performance] SpeedTreePostProcessor.OnPostprocessAllAssets                                                                                      :        4 samples, Peak.   121 us (2.0x), Avg.  60.7 us, Total. 242.9 us (0.0%)
[Performance] TextAssetPostProcessor.OnPostprocessAllAssets                                                                                      :        4 samples, Peak.   243 us (2.0x), Avg.   122 us, Total. 487.0 us (0.0%)
[Performance] AssetProcessor.OnPostprocessAllAssets                                                                                              :       12 samples, Peak.   496 us (3.5x), Avg.   143 us, Total. 1.715 ms (0.0%)
[Performance] SpriteLibraryAssetPostprocessor.OnPostprocessAllAssets                                                                             :        4 samples, Peak.   161 us (2.0x), Avg.  81.1 us, Total. 324.4 us (0.0%)
[Performance] PSDImporterAssetPostProcessor.OnPostprocessAllAssets                                                                               :        4 samples, Peak.  58.7 us (1.9x), Avg.  30.2 us, Total. 120.8 us (0.0%)
[Performance] PSDImportPostProcessor.OnPostprocessAllAssets                                                                                      :        4 samples, Peak.  74.1 us (2.0x), Avg.  37.6 us, Total. 150.6 us (0.0%)
[Performance] SpriteEditorTexturePostprocessor.OnPostprocessAllAssets                                                                            :        4 samples, Peak.   647 us (1.6x), Avg.   411 us, Total. 1.646 ms (0.0%)
[Performance] SpriteShapeAssetPostProcessor.OnPostprocessAllAssets                                                                               :        4 samples, Peak.   310 us (1.9x), Avg.   159 us, Total. 637.8 us (0.0%)
[Performance] EditorApplication.projectChanged: UnityEditor.Audio.MixerEffectDefinitionReloader.OnProjectChanged                                 :        2 samples, Peak.   241 us (1.0x), Avg.   237 us, Total. 475.0 us (0.0%)
[Performance] EditorApplication.projectChanged: MCPForUnity.Editor.Helpers.ProjectIdentityUtility.ScheduleCacheRefresh                           :        2 samples, Peak.  1.50 us (1.1x), Avg.  1.35 us, Total. 2.700 us (0.0%)
[Performance] EditorSceneManager.sceneSaved: UnityEditor.SceneTemplate.SceneTemplateService.OnSceneSaved                                         :        1 samples, Peak.  16.5 ms (1.0x), Avg.  16.5 ms, Total. 16.46 ms (0.1%)
[Performance] EditorSceneManager.sceneSaved: UnityEditor.SceneVisibilityManager.EditorSceneManagerOnSceneSaved                                   :        1 samples, Peak.   101 us (1.0x), Avg.   101 us, Total. 100.9 us (0.0%)
[Performance] EditorApplication.hierarchyChanged: UnityEditor.Tilemaps.GridPaintingState.HierarchyChanged                                        :        4 samples, Peak.   129 us (3.9x), Avg.  33.0 us, Total. 132.1 us (0.0%)
[Performance] ObjectChangeEvents.changesPublished: UnityEditor.PrefabInstanceChangedListener.OnObjectChanged                                     :        1 samples, Peak.   491 us (1.0x), Avg.   491 us, Total. 490.8 us (0.0%)
[Performance] EditorApplication.update: UnityEditor.TestTools.TestRunner.PlaymodeLauncher.UpdateCallback                                         :        2 samples, Peak.   110 ms (2.0x), Avg.  55.9 ms, Total. 111.8 ms (0.5%)
[Performance] EditorApplication.playModeStateChanged                                                                                             :        2 samples, Peak.  40.1 ms (1.9x), Avg.  20.9 ms, Total. 41.74 ms (0.2%)
[Performance] EditorApplication.playModeStateChanged: UnityEditor.ObjectPool.PoolManager.OnEditorStateChange                                     :        3 samples, Peak.   268 us (2.1x), Avg.   128 us, Total. 384.0 us (0.0%)
[Performance] EditorApplication.playModeStateChanged: UnityEditor.PackageManager.UI.Internal.PlayModeDownload.PlayModeStateChanged               :        3 samples, Peak.   262 us (3.0x), Avg.  88.1 us, Total. 264.3 us (0.0%)
[Performance] EditorApplication.playModeStateChanged: UnityEditor.TestTools.TestRunner.PlaymodeLauncher+BackgroundWatcher.OnPlayModeStateChanged :        3 samples, Peak.  39.4 ms (3.0x), Avg.  13.2 ms, Total. 39.60 ms (0.2%)
[Performance] EditorApplication.playModeStateChanged: Unity.Burst.Editor.BurstLoader.EditorApplicationOnPlayModeStateChanged                     :        3 samples, Peak.  84.1 us (1.8x), Avg.  46.2 us, Total. 138.6 us (0.0%)
[Performance] EditorApplication.playModeStateChanged: callback in MCPForUnity.Editor.Services.EditorStateCache                                   :        3 samples, Peak.   134 us (1.0x), Avg.   129 us, Total. 387.6 us (0.0%)
[Performance] EditorApplication.playModeStateChanged: UnityEditor.U2D.Animation.BoneGizmo.PlayModeStateChanged                                   :        3 samples, Peak.  24.9 us (2.4x), Avg.  10.6 us, Total. 31.70 us (0.0%)
[Performance] EditorApplication.playModeStateChanged: callback in UnityEditor.U2D.SpriteShapeUpdateCache                                         :        3 samples, Peak.   118 us (3.0x), Avg.  39.5 us, Total. 118.6 us (0.0%)
[Performance] EditorApplication.playModeStateChanged: UnityEditor.SceneManagement.EditorSceneManager.PlayModeStateChangedCallback                :        3 samples, Peak.  29.7 us (3.0x), Avg.  10.0 us, Total. 30.00 us (0.0%)
[Performance] EditorApplication.playModeStateChanged: UnityEditor.SceneVisibilityManager.EditorApplicationPlayModeStateChanged                   :        3 samples, Peak.  30.0 us (2.9x), Avg.  10.2 us, Total. 30.60 us (0.0%)
[Performance] EditorApplication.playModeStateChanged: UnityEditor.PackageManager.UI.Internal.ApplicationProxy.PlayModeStateChanged               :        3 samples, Peak.   114 us (2.9x), Avg.  39.0 us, Total. 116.9 us (0.0%)
[Performance] EditorApplication.playModeStateChanged: UnityEditor.TestTools.TestRunner.TestRunnerWindow.OnPlayModeStateChanged                   :        3 samples, Peak.  71.2 us (3.0x), Avg.  24.1 us, Total. 72.30 us (0.0%)
[Performance] EditorApplication.playModeStateChanged: UnityEditor.Tilemaps.GridPaintingState.PlayModeStateChanged                                :        3 samples, Peak.  53.6 us (3.0x), Avg.  18.0 us, Total. 54.00 us (0.0%)
[Performance] Application.EnterPlayMode                                                                                                          :        1 samples, Peak.   169 ms (1.0x), Avg.   169 ms, Total. 168.7 ms (0.7%)
[Performance] UnityBuildPostprocessor.OnProcessScene                                                                                             :        3 samples, Peak.   306 us (1.8x), Avg.   171 us, Total. 514.4 us (0.0%)
[Performance] AttributeCallbackWrapper.OnProcessScene                                                                                            :        3 samples, Peak.   736 us (1.1x), Avg.   651 us, Total. 1.954 ms (0.0%)
[Performance] Inspector.InitOrRebuild                                                                                                            :        1 samples, Peak.  4.53 ms (1.0x), Avg.  4.53 ms, Total. 4.529 ms (0.0%)
[Performance] AssetDatabase.DeleteAssets                                                                                                         :        1 samples, Peak.  29.4 ms (1.0x), Avg.  29.4 ms, Total. 29.39 ms (0.1%)
[Performance] BuilderAssetModificationProcessor.OnWillDeleteAsset                                                                                :        1 samples, Peak.   213 us (1.0x), Avg.   213 us, Total. 213.3 us (0.0%)
[Performance] TMP_FontAssetPostProcessor.OnWillDeleteAsset                                                                                       :        1 samples, Peak.   120 us (1.0x), Avg.   120 us, Total. 120.0 us (0.0%)
[Performance] CancelSplashScreenOnAssetDelete.OnWillDeleteAsset                                                                                  :        1 samples, Peak.  63.9 us (1.0x), Avg.  63.9 us, Total. 63.90 us (0.0%)
[Performance] EditorApplication.playModeStateChanged: UnityEditor.TestTools.TestRunner.TestRunnerCallback.OnPlayModeStateChanged                 :        1 samples, Peak.   397 us (1.0x), Avg.   397 us, Total. 396.6 us (0.0%)
[Performance] Application.Shutdown.SaveDefaultWindowPreferences                                                                                  :        1 samples, Peak.   107 us (1.0x), Avg.   107 us, Total. 107.1 us (0.0%)
[Performance] Application.Shutdown.SaveSceneManagerSetup                                                                                         :        1 samples, Peak.   238 us (1.0x), Avg.   238 us, Total. 237.7 us (0.0%)
[Performance] Application.Shutdown.CleanupAllContainerWindows                                                                                    :        1 samples, Peak.   800 ns (1.0x), Avg.   800 ns, Total. 800.0 ns (0.0%)
[Performance] EditorApplication.quitting: Unity.Burst.Editor.BurstLoader.OnEditorApplicationQuitting                                             :        1 samples, Peak.  22.6 us (1.0x), Avg.  22.6 us, Total. 22.60 us (0.0%)
[Performance] EditorApplication.quitting: MCPForUnity.Editor.Services.McpEditorShutdownCleanup.OnEditorQuitting                                  :        1 samples, Peak.   228 us (1.0x), Avg.   228 us, Total. 228.2 us (0.0%)
[Performance] EditorApplication.quitting: MCPForUnity.Editor.Services.StdioBridgeReloadHandler.CancelRetries                                     :        1 samples, Peak.  41.8 us (1.0x), Avg.  41.8 us, Total. 41.80 us (0.0%)
[Performance] EditorApplication.quitting: UnityEditor.Tilemaps.SceneViewGridManager.EditorQuitting                                               :        1 samples, Peak.  64.7 us (1.0x), Avg.  64.7 us, Total. 64.70 us (0.0%)
[Performance] EditorApplication.quitting: YC.Presentation.ExternalContentRuntime.Reset                                                           :        1 samples, Peak.  26.4 us (1.0x), Avg.  26.4 us, Total. 26.40 us (0.0%)
[Performance] EditorApplication.quitting: callback in UnityEditor.TextCore.Text.EditorEventCallbacks                                             :        1 samples, Peak.  9.25 ms (1.0x), Avg.  9.25 ms, Total. 9.246 ms (0.0%)
[Performance] Killing ADB server                                                                                                                 :        1 samples, Peak.  45.3 ms (1.0x), Avg.  45.3 ms, Total. 45.33 ms (0.2%)
[Performance] Application.Shutdown.PauseProfilerSession                                                                                          :        1 samples, Peak.  19.3 us (1.0x), Avg.  19.3 us, Total. 19.30 us (0.0%)
[Performance] Application.Shutdown.PauseAssetImportWorkers                                                                                       :        1 samples, Peak.   146 us (1.0x), Avg.   146 us, Total. 145.7 us (0.0%)
[Performance] Application.Shutdown.SaveAssets                                                                                                    :        1 samples, Peak.  3.63 ms (1.0x), Avg.  3.63 ms, Total. 3.626 ms (0.0%)
[Performance] Application.Shutdown.CleanupRenderPipeline                                                                                         :        1 samples, Peak.  11.2 us (1.0x), Avg.  11.2 us, Total. 11.20 us (0.0%)
[Performance] Application.Shutdown.StopPreloadManager                                                                                            :        1 samples, Peak.  9.65 ms (1.0x), Avg.  9.65 ms, Total. 9.654 ms (0.0%)
[Performance] Application.Shutdown.DestroyWorld                                                                                                  :        1 samples, Peak.  10.9 ms (1.0x), Avg.  10.9 ms, Total. 10.91 ms (0.0%)
[Performance] Application.Shutdown.CleanupAfterLoad                                                                                              :        1 samples, Peak.   129 ms (1.0x), Avg.   129 ms, Total. 129.4 ms (0.5%)
[Performance] Application.Shutdown.Progress                                                                                                      :        1 samples, Peak.  2.90 us (1.0x), Avg.  2.90 us, Total. 2.900 us (0.0%)
[Performance] Application.Shutdown.GICleanupManagers                                                                                             :        1 samples, Peak.   718 us (1.0x), Avg.   718 us, Total. 718.4 us (0.0%)
[Performance] Application.Shutdown.MenuCleanupClass                                                                                              :        1 samples, Peak.   260 us (1.0x), Avg.   260 us, Total. 259.6 us (0.0%)
[Performance] Application.Shutdown.ADBSaveStateBeforeShutdown                                                                                    :        1 samples, Peak.  7.00 us (1.0x), Avg.  7.00 us, Total. 7.000 us (0.0%)
[Performance] Application.Shutdown.RemoteShutdown                                                                                                :        1 samples, Peak.  1.90 us (1.0x), Avg.  1.90 us, Total. 1.900 us (0.0%)
[Performance] Application.Shutdown.CleanupVCProvider                                                                                             :        1 samples, Peak.  8.60 us (1.0x), Avg.  8.60 us, Total. 8.600 us (0.0%)
[Performance] Application.Shutdown.InputShutdown                                                                                                 :        1 samples, Peak.   400 ns (1.0x), Avg.   400 ns, Total. 400.0 ns (0.0%)
[Performance] Application.Shutdown.GizmoManagerDestroy                                                                                           :        1 samples, Peak.   521 us (1.0x), Avg.   521 us, Total. 520.7 us (0.0%)
[Performance] Application.Shutdown.ProfilerSession                                                                                               :        1 samples, Peak.   136 us (1.0x), Avg.   136 us, Total. 135.5 us (0.0%)
[Performance] Application.Shutdown.ReleaseGfxWindowOnAllGUIViews                                                                                 :        1 samples, Peak.   400 ns (1.0x), Avg.   400 ns, Total. 400.0 ns (0.0%)
[Performance] Application.Shutdown.CleanupEngine                                                                                                 :        1 samples, Peak.   143 ms (1.0x), Avg.   143 ms, Total. 143.4 ms (0.6%)
[Performance] Application.Shutdown.CleanupAssetDatabase                                                                                          :        1 samples, Peak.  5.97 ms (1.0x), Avg.  5.97 ms, Total. 5.968 ms (0.0%)
[Performance] Application.Shutdown.ScriptCompilationCleanUp                                                                                      :        1 samples, Peak.  13.1 ms (1.0x), Avg.  13.1 ms, Total. 13.05 ms (0.1%)
[Performance] Application.Shutdown.DestroyJobSystem                                                                                              :        1 samples, Peak.  79.1 us (1.0x), Avg.  79.1 us, Total. 79.10 us (0.0%)
[Performance] Application.Shutdown.CleanupPersistentManager                                                                                      :        1 samples, Peak.  1.33 ms (1.0x), Avg.  1.33 ms, Total. 1.330 ms (0.0%)
[Performance] Application.Shutdown.CleanupAsyncReadManager                                                                                       :        1 samples, Peak.   488 us (1.0x), Avg.   488 us, Total. 487.6 us (0.0%)
[Performance] Application.Shutdown.CleanupProgressBar                                                                                            :        1 samples, Peak.   400 ns (1.0x), Avg.   400 ns, Total. 400.0 ns (0.0%)
[Performance] Application.Shutdown.CleanupMono                                                                                                   :        1 samples, Peak.   194 ms (1.0x), Avg.   194 ms, Total. 194.4 ms (0.8%)
[Performance] Application.Shutdown.CleanupStdConverters                                                                                          :        1 samples, Peak.  5.80 us (1.0x), Avg.  5.80 us, Total. 5.800 us (0.0%)
[Performance] Application.Shutdown.UnloadAllPlatformSupportModuleNativeDlls                                                                      :        1 samples, Peak.   300 ns (1.0x), Avg.   300 ns, Total. 300.0 ns (0.0%)
[Performance] Application.Shutdown.UnloadAllPlatformSupportNativeLibraries                                                                       :        1 samples, Peak.  1.06 s (1.0x), Avg.  1.06 s, Total. 1.060 s (4.4%)
[Performance] Application.Shutdown.CleanupAutoDocumentation                                                                                      :        1 samples, Peak.   296 us (1.0x), Avg.   296 us, Total. 295.8 us (0.0%)
[Performance] Application.Shutdown.ShaderNameManagerDestroy                                                                                      :        1 samples, Peak.  53.4 us (1.0x), Avg.  53.4 us, Total. 53.40 us (0.0%)
[Performance] Application.Shutdown.CleanupCacheServer                                                                                            :        1 samples, Peak.   400 ns (1.0x), Avg.   400 ns, Total. 400.0 ns (0.0%)
[Performance] Application.Shutdown.Virtualization_Shutdown                                                                                       :        1 samples, Peak.   500 ns (1.0x), Avg.   500 ns, Total. 500.0 ns (0.0%)
[Performance] Application.Shutdown.DevConnections                                                                                                :        1 samples, Peak.   189 us (1.0x), Avg.   189 us, Total. 188.6 us (0.0%)
Checking for leaked weakptr:
  Found no leaked weakptrs.
[Package Manager] Server::Kill -- Server was shutdown
Memory Statistics:
[ALLOC_TEMP_TLS] TLS Allocator
  StackAllocators : 
    [ALLOC_TEMP_CurlRequest]
      Initial Block Size 64.0 KB
      Current Block Size 64.0 KB
      Peak Allocated Bytes 0 B
      Overflow Count 0
    [ALLOC_TEMP_MAIN]
      Peak usage frame count: [4.0 KB-8.0 KB]: 4638 frames, [8.0 KB-16.0 KB]: 14 frames, [16.0 KB-32.0 KB]: 2 frames, [32.0 KB-64.0 KB]: 1 frames, [64.0 KB-128.0 KB]: 8 frames, [1.0 MB-2.0 MB]: 1 frames, [2.0 MB-4.0 MB]: 3 frames, [4.0 MB-8.0 MB]: 2 frames, [8.0 MB-16.0 MB]: 1 frames
      Initial Block Size 16.0 MB
      Current Block Size 18.9 MB
      Peak Allocated Bytes 11.3 MB
      Overflow Count 0
    [ALLOC_TEMP_Job.Worker 18]
      Initial Block Size 256.0 KB
      Current Block Size 256.0 KB
      Peak Allocated Bytes 8.5 KB
      Overflow Count 1
    [ALLOC_TEMP_Background Job.Worker 8]
      Initial Block Size 32.0 KB
      Current Block Size 32.0 KB
      Peak Allocated Bytes 54 B
      Overflow Count 0
    [ALLOC_TEMP_Job.Worker 4]
      Initial Block Size 256.0 KB
      Current Block Size 1.5 MB
      Peak Allocated Bytes 1.5 MB
      Overflow Count 0
    [ALLOC_TEMP_AUDIO_FMOD mixer thread]
      Initial Block Size 64.0 KB
      Current Block Size 64.0 KB
      Peak Allocated Bytes 54 B
      Overflow Count 0
    [ALLOC_TEMP_BakingJobs.Worker 5]
      Initial Block Size 256.0 KB
      Current Block Size 256.0 KB
      Peak Allocated Bytes 54 B
      Overflow Count 0
    [ALLOC_TEMP_BakingJobs.Worker 10]
      Initial Block Size 256.0 KB
      Current Block Size 256.0 KB
      Peak Allocated Bytes 54 B
      Overflow Count 0
    [ALLOC_TEMP_Background Job.Worker 3]
      Initial Block Size 32.0 KB
      Current Block Size 32.0 KB
      Peak Allocated Bytes 54 B
      Overflow Count 0
    [ALLOC_TEMP_BatchDeleteObjects]
      Initial Block Size 64.0 KB
      Current Block Size 64.0 KB
      Peak Allocated Bytes 54 B
      Overflow Count 0
    [ALLOC_TEMP_Job.Worker 21]
      Initial Block Size 256.0 KB
      Current Block Size 256.0 KB
      Peak Allocated Bytes 2.9 KB
      Overflow Count 1
    [ALLOC_TEMP_REST Message Handler]
      Initial Block Size 64.0 KB
      Current Block Size 64.0 KB
      Peak Allocated Bytes 54 B
      Overflow Count 0
    [ALLOC_TEMP_CoreBusinessMetricsCache]
      Initial Block Size 64.0 KB
      Current Block Size 64.0 KB
      Peak Allocated Bytes 8.0 KB
      Overflow Count 0
    [ALLOC_TEMP_Job.Worker 13]
      Initial Block Size 256.0 KB
      Current Block Size 1.5 MB
      Peak Allocated Bytes 1.5 MB
      Overflow Count 0
    [ALLOC_TEMP_Background Job.Worker 2]
      Initial Block Size 32.0 KB
      Current Block Size 32.0 KB
      Peak Allocated Bytes 1.5 KB
      Overflow Count 0
    [ALLOC_TEMP_Job.Worker 22]
      Initial Block Size 256.0 KB
      Current Block Size 256.0 KB
      Peak Allocated Bytes 1.5 KB
      Overflow Count 1
    [ALLOC_TEMP_AssetDatabase.IOService]
      Initial Block Size 64.0 KB
      Current Block Size 64.0 KB
      Peak Allocated Bytes 54 B
      Overflow Count 0
    [ALLOC_TEMP_Background Job.Worker 11]
      Initial Block Size 32.0 KB
      Current Block Size 32.0 KB
      Peak Allocated Bytes 54 B
      Overflow Count 0
    [ALLOC_TEMP_Job.Worker 10]
      Initial Block Size 256.0 KB
      Current Block Size 1.5 MB
      Peak Allocated Bytes 1.5 MB
      Overflow Count 0
    [ALLOC_TEMP_Job.Worker 15]
      Initial Block Size 256.0 KB
      Current Block Size 256.0 KB
      Peak Allocated Bytes 4.6 KB
      Overflow Count 1
    [ALLOC_TEMP_Job.Worker 12]
      Initial Block Size 256.0 KB
      Current Block Size 1.5 MB
      Peak Allocated Bytes 1.5 MB
      Overflow Count 0
    [ALLOC_TEMP_Loading.PreloadManager] x 2
      Initial Block Size 32.0 MB
      Current Block Size 32.0 MB
      Peak Allocated Bytes 4.9 MB
      Overflow Count 0
    [ALLOC_TEMP_Profiler.Dispatcher]
      Initial Block Size 64.0 KB
      Current Block Size 64.0 KB
      Peak Allocated Bytes 0 B
      Overflow Count 0
    [ALLOC_TEMP_Job.Worker 14]
      Initial Block Size 256.0 KB
      Current Block Size 256.0 KB
      Peak Allocated Bytes 1.8 KB
      Overflow Count 1
    [ALLOC_TEMP_Job.Worker 17]
      Initial Block Size 256.0 KB
      Current Block Size 256.0 KB
      Peak Allocated Bytes 6.4 KB
      Overflow Count 1
    [ALLOC_TEMP_BakingJobs.Worker 7]
      Initial Block Size 256.0 KB
      Current Block Size 256.0 KB
      Peak Allocated Bytes 54 B
      Overflow Count 0
    [ALLOC_TEMP_Job.Worker 3]
      Initial Block Size 256.0 KB
      Current Block Size 1.5 MB
      Peak Allocated Bytes 1.5 MB
      Overflow Count 0
    [ALLOC_TEMP_CurlRequest]
      Initial Block Size 64.0 KB
      Current Block Size 64.0 KB
      Peak Allocated Bytes 1.9 KB
      Overflow Count 0
    [ALLOC_TEMP_Background Job.Worker 13]
      Initial Block Size 32.0 KB
      Current Block Size 32.0 KB
      Peak Allocated Bytes 54 B
      Overflow Count 0
    [ALLOC_TEMP_Background Job.Worker 5]
      Initial Block Size 32.0 KB
      Current Block Size 32.0 KB
      Peak Allocated Bytes 54 B
      Overflow Count 0
    [ALLOC_TEMP_Job.Worker 2]
      Initial Block Size 256.0 KB
      Current Block Size 1.0 MB
      Peak Allocated Bytes 1.0 MB
      Overflow Count 1
    [ALLOC_TEMP_BakingJobs.Worker 6]
      Initial Block Size 256.0 KB
      Current Block Size 256.0 KB
      Peak Allocated Bytes 54 B
      Overflow Count 0
    [ALLOC_TEMP_Job.Worker 11]
      Initial Block Size 256.0 KB
      Current Block Size 1.5 MB
      Peak Allocated Bytes 1.5 MB
      Overflow Count 0
    [ALLOC_TEMP_Job.Worker 0]
      Initial Block Size 256.0 KB
      Current Block Size 256.0 KB
      Peak Allocated Bytes 1.1 KB
      Overflow Count 0
    [ALLOC_TEMP_Background Job.Worker 9]
      Initial Block Size 32.0 KB
      Current Block Size 32.0 KB
      Peak Allocated Bytes 54 B
      Overflow Count 0
    [ALLOC_TEMP_Job.Worker 5]
      Initial Block Size 256.0 KB
      Current Block Size 1.5 MB
      Peak Allocated Bytes 1.5 MB
      Overflow Count 0
    [ALLOC_TEMP_ReadCacheIndex] x 2
      Initial Block Size 64.0 KB
      Current Block Size 64.0 KB
      Peak Allocated Bytes 0.5 KB
      Overflow Count 0
    [ALLOC_TEMP_EnlightenWorker] x 12
      Initial Block Size 64.0 KB
      Current Block Size 64.0 KB
      Peak Allocated Bytes 54 B
      Overflow Count 0
    [ALLOC_TEMP_BakingJobs.Worker 8]
      Initial Block Size 256.0 KB
      Current Block Size 256.0 KB
      Peak Allocated Bytes 54 B
      Overflow Count 0
    [ALLOC_TEMP_Job.Worker 9]
      Initial Block Size 256.0 KB
      Current Block Size 256.0 KB
      Peak Allocated Bytes 2.0 KB
      Overflow Count 1
    [ALLOC_TEMP_Job.Worker 6]
      Initial Block Size 256.0 KB
      Current Block Size 1.5 MB
      Peak Allocated Bytes 1.5 MB
      Overflow Count 0
    [ALLOC_TEMP_BakingJobs.Worker 1]
      Initial Block Size 256.0 KB
      Current Block Size 256.0 KB
      Peak Allocated Bytes 0.6 KB
      Overflow Count 0
    [ALLOC_TEMP_DirMonitor]
      Initial Block Size 64.0 KB
      Current Block Size 64.0 KB
      Peak Allocated Bytes 0.5 KB
      Overflow Count 0
    [ALLOC_TEMP_Loading.AsyncRead]
      Initial Block Size 64.0 KB
      Current Block Size 64.0 KB
      Peak Allocated Bytes 128 B
      Overflow Count 0
    [ALLOC_TEMP_Background Job.Worker 10]
      Initial Block Size 32.0 KB
      Current Block Size 32.0 KB
      Peak Allocated Bytes 54 B
      Overflow Count 0
    [ALLOC_TEMP_Job.Worker 16]
      Initial Block Size 256.0 KB
      Current Block Size 256.0 KB
      Peak Allocated Bytes 1.8 KB
      Overflow Count 1
    [ALLOC_TEMP_BakingJobs.Worker 9]
      Initial Block Size 256.0 KB
      Current Block Size 256.0 KB
      Peak Allocated Bytes 54 B
      Overflow Count 0
    [ALLOC_TEMP_AUDIO_FMOD (WASAPI) feeder thread]
      Initial Block Size 64.0 KB
      Current Block Size 64.0 KB
      Peak Allocated Bytes 168 B
      Overflow Count 0
    [ALLOC_TEMP_Background Job.Worker 6]
      Initial Block Size 32.0 KB
      Current Block Size 32.0 KB
      Peak Allocated Bytes 54 B
      Overflow Count 0
    [ALLOC_TEMP_Background Job.Worker 1]
      Initial Block Size 32.0 KB
      Current Block Size 168.0 KB
      Peak Allocated Bytes 128.1 KB
      Overflow Count 0
    [ALLOC_TEMP_BakingJobs.Worker 11]
      Initial Block Size 256.0 KB
      Current Block Size 256.0 KB
      Peak Allocated Bytes 54 B
      Overflow Count 0
    [ALLOC_TEMP_Job.Worker 20]
      Initial Block Size 256.0 KB
      Current Block Size 256.0 KB
      Peak Allocated Bytes 2.5 KB
      Overflow Count 1
    [ALLOC_TEMP_AUDIO_FMOD stream thread]
      Initial Block Size 64.0 KB
      Current Block Size 64.0 KB
      Peak Allocated Bytes 54 B
      Overflow Count 0
    [ALLOC_TEMP_BakingJobs.Worker 2]
      Initial Block Size 256.0 KB
      Current Block Size 256.0 KB
      Peak Allocated Bytes 54 B
      Overflow Count 0
    [ALLOC_TEMP_Background Job.Worker 15]
      Initial Block Size 32.0 KB
      Current Block Size 32.0 KB
      Peak Allocated Bytes 54 B
      Overflow Count 0
    [ALLOC_TEMP_Background Job.Worker 7]
      Initial Block Size 32.0 KB
      Current Block Size 32.0 KB
      Peak Allocated Bytes 54 B
      Overflow Count 0
    [ALLOC_TEMP_Job.Worker 8]
      Initial Block Size 256.0 KB
      Current Block Size 1.5 MB
      Peak Allocated Bytes 1.5 MB
      Overflow Count 0
    [ALLOC_TEMP_BakingJobs.Worker 15]
      Initial Block Size 256.0 KB
      Current Block Size 256.0 KB
      Peak Allocated Bytes 54 B
      Overflow Count 0
    [ALLOC_TEMP_BakingJobs.Worker 0]
      Initial Block Size 256.0 KB
      Current Block Size 256.0 KB
      Peak Allocated Bytes 54 B
      Overflow Count 0
    [ALLOC_TEMP_BakingJobs.Worker 3]
      Initial Block Size 256.0 KB
      Current Block Size 256.0 KB
      Peak Allocated Bytes 54 B
      Overflow Count 0
    [ALLOC_TEMP_BakingJobs.Worker 14]
      Initial Block Size 256.0 KB
      Current Block Size 256.0 KB
      Peak Allocated Bytes 54 B
      Overflow Count 0
    [ALLOC_TEMP_EditorTaskManager]
      Initial Block Size 64.0 KB
      Current Block Size 68.0 KB
      Peak Allocated Bytes 64.0 KB
      Overflow Count 0
    [ALLOC_TEMP_Job.Worker 1]
      Initial Block Size 256.0 KB
      Current Block Size 1.5 MB
      Peak Allocated Bytes 1.5 MB
      Overflow Count 0
    [ALLOC_TEMP_BakingJobs.Worker 4]
      Initial Block Size 256.0 KB
      Current Block Size 256.0 KB
      Peak Allocated Bytes 54 B
      Overflow Count 0
    [ALLOC_TEMP_Background Job.Worker 12]
      Initial Block Size 32.0 KB
      Current Block Size 32.0 KB
      Peak Allocated Bytes 54 B
      Overflow Count 0
    [ALLOC_TEMP_HTTP REST Server]
      Initial Block Size 64.0 KB
      Current Block Size 64.0 KB
      Peak Allocated Bytes 74 B
      Overflow Count 0
    [ALLOC_TEMP_BakingJobs.Worker 12]
      Initial Block Size 256.0 KB
      Current Block Size 256.0 KB
      Peak Allocated Bytes 54 B
      Overflow Count 0
    [ALLOC_TEMP_BakingJobs.Worker 13]
      Initial Block Size 256.0 KB
      Current Block Size 256.0 KB
      Peak Allocated Bytes 54 B
      Overflow Count 0
    [ALLOC_TEMP_AssetGarbageCollectorHelper] x 23
      Initial Block Size 64.0 KB
      Current Block Size 64.0 KB
      Peak Allocated Bytes 0 B
      Overflow Count 0
    [ALLOC_TEMP_Background Job.Worker 0]
      Initial Block Size 32.0 KB
      Current Block Size 32.0 KB
      Peak Allocated Bytes 54 B
      Overflow Count 0
    [ALLOC_TEMP_Background Job.Worker 4]
      Initial Block Size 32.0 KB
      Current Block Size 32.0 KB
      Peak Allocated Bytes 54 B
      Overflow Count 0
    [ALLOC_TEMP_Background Job.Worker 14]
      Initial Block Size 32.0 KB
      Current Block Size 32.0 KB
      Peak Allocated Bytes 54 B
      Overflow Count 0
    [ALLOC_TEMP_Job.Worker 7]
      Initial Block Size 256.0 KB
      Current Block Size 1.5 MB
      Peak Allocated Bytes 1.5 MB
      Overflow Count 0
    [ALLOC_TEMP_Job.Worker 19]
      Initial Block Size 256.0 KB
      Current Block Size 256.0 KB
      Peak Allocated Bytes 1.3 KB
      Overflow Count 1
[ALLOC_MEMORYPROFILER]
  Peak usage frame count: [256.0 KB-0.5 MB]: 1072 frames, [0.5 MB-1.0 MB]: 3574 frames, [1.0 MB-2.0 MB]: 24 frames
  Requested Block Size 1.0 MB
  Peak Block count 2
  Peak Allocated memory 1.2 MB
  Peak Large allocation bytes 0 B
[ALLOC_DEFAULT] Dual Thread Allocator
  Peak main deferred allocation count 4732
    [ALLOC_BUCKET]
      Large Block size 32.0 MB
      Used Block count 1
      Peak Allocated bytes 12.4 MB
    [ALLOC_DEFAULT_MAIN]
      Peak usage frame count: [64.0 MB-128.0 MB]: 4670 frames
      Requested Block Size 16.0 MB
      Peak Block count 6
      Peak Allocated memory 92.2 MB
      Peak Large allocation bytes 0 B
    [ALLOC_DEFAULT_THREAD]
      Peak usage frame count: [4.0 MB-8.0 MB]: 3162 frames, [8.0 MB-16.0 MB]: 1508 frames
      Requested Block Size 16.0 MB
      Peak Block count 1
      Peak Allocated memory 9.8 MB
      Peak Large allocation bytes 0 B
[ALLOC_TEMP_JOB_1_FRAME]
  Initial Block Size 2.0 MB
  Used Block Count 0
  Overflow Count (too large) 0
  Overflow Count (full) 0
[ALLOC_TEMP_JOB_2_FRAMES]
  Initial Block Size 2.0 MB
  Used Block Count 0
  Overflow Count (too large) 0
  Overflow Count (full) 0
[ALLOC_TEMP_JOB_4_FRAMES (JobTemp)]
  Initial Block Size 2.0 MB
  Used Block Count 1
  Overflow Count (too large) 0
  Overflow Count (full) 0
[ALLOC_TEMP_JOB_ASYNC (Background)]
  Initial Block Size 1.0 MB
  Used Block Count 1
  Overflow Count (too large) 0
  Overflow Count (full) 0
[ALLOC_GFX] Dual Thread Allocator
  Peak main deferred allocation count 0
    [ALLOC_BUCKET]
      Large Block size 32.0 MB
      Used Block count 1
      Peak Allocated bytes 12.4 MB
    [ALLOC_GFX_MAIN]
      Peak usage frame count: [4.0 MB-8.0 MB]: 4646 frames, [64.0 MB-128.0 MB]: 24 frames
      Requested Block Size 16.0 MB
      Peak Block count 1
      Peak Allocated memory 97.4 MB
      Peak Large allocation bytes 90.5 MB
    [ALLOC_GFX_THREAD]
      Peak usage frame count: [0-1.0 KB]: 755 frames, [4.0 KB-8.0 KB]: 1 frames, [8.0 KB-16.0 KB]: 1 frames, [32.0 KB-64.0 KB]: 2 frames, [64.0 KB-128.0 KB]: 527 frames, [2.0 MB-4.0 MB]: 368 frames, [8.0 MB-16.0 MB]: 33 frames, [16.0 MB-32.0 MB]: 64 frames, [32.0 MB-64.0 MB]: 125 frames, [64.0 MB-128.0 MB]: 283 frames, [128.0 MB-256.0 MB]: 1119 frames, [256.0 MB-0.50 GB]: 1392 frames
      Requested Block Size 16.0 MB
      Peak Block count 8
      Peak Allocated memory 384.6 MB
      Peak Large allocation bytes 273.5 MB
[ALLOC_CACHEOBJECTS] Dual Thread Allocator
  Peak main deferred allocation count 245
    [ALLOC_BUCKET]
      Large Block size 32.0 MB
      Used Block count 1
      Peak Allocated bytes 12.4 MB
    [ALLOC_CACHEOBJECTS_MAIN]
      Peak usage frame count: [16.0 MB-32.0 MB]: 4669 frames, [32.0 MB-64.0 MB]: 1 frames
      Requested Block Size 4.0 MB
      Peak Block count 16
      Peak Allocated memory 58.9 MB
      Peak Large allocation bytes 27.3 MB
    [ALLOC_CACHEOBJECTS_THREAD]
      Peak usage frame count: [0-1.0 KB]: 23 frames, [128.0 KB-256.0 KB]: 17 frames, [256.0 KB-0.5 MB]: 19 frames, [0.5 MB-1.0 MB]: 53 frames, [1.0 MB-2.0 MB]: 174 frames, [2.0 MB-4.0 MB]: 165 frames, [4.0 MB-8.0 MB]: 348 frames, [8.0 MB-16.0 MB]: 301 frames, [16.0 MB-32.0 MB]: 85 frames, [32.0 MB-64.0 MB]: 1747 frames, [64.0 MB-128.0 MB]: 1738 frames
      Requested Block Size 4.0 MB
      Peak Block count 9
      Peak Allocated memory 74.8 MB
      Peak Large allocation bytes 39.8 MB
[ALLOC_TYPETREE] Dual Thread Allocator
  Peak main deferred allocation count 505
    [ALLOC_BUCKET]
      Large Block size 32.0 MB
      Used Block count 1
      Peak Allocated bytes 12.4 MB
    [ALLOC_TYPETREE_MAIN]
      Peak usage frame count: [1.0 MB-2.0 MB]: 4669 frames, [16.0 MB-32.0 MB]: 1 frames
      Requested Block Size 2.0 MB
      Peak Block count 12
      Peak Allocated memory 21.5 MB
      Peak Large allocation bytes 0 B
    [ALLOC_TYPETREE_THREAD]
      Peak usage frame count: [1.0 KB-2.0 KB]: 42 frames, [32.0 KB-64.0 KB]: 1 frames, [64.0 KB-128.0 KB]: 15 frames, [128.0 KB-256.0 KB]: 31 frames, [256.0 KB-0.5 MB]: 154 frames, [0.5 MB-1.0 MB]: 362 frames, [1.0 MB-2.0 MB]: 190 frames, [2.0 MB-4.0 MB]: 356 frames, [4.0 MB-8.0 MB]: 2762 frames, [8.0 MB-16.0 MB]: 757 frames
      Requested Block Size 2.0 MB
      Peak Block count 5
      Peak Allocated memory 8.3 MB
      Peak Large allocation bytes 0 B
[ALLOC_PROFILER]
  Peak usage frame count: [256.0 KB-0.5 MB]: 4670 frames
  Requested Block Size 16.0 MB
  Peak Block count 1
  Peak Allocated memory 463.8 KB
  Peak Large allocation bytes 0 B
    [ALLOC_PROFILER_BUCKET]
      Large Block size 32.0 MB
      Used Block count 1
      Peak Allocated bytes 4.0 KB
[ALLOC_PROFILER_EDITOR]
  Peak usage frame count: [0-1.0 KB]: 4670 frames
  Requested Block Size 1.0 MB
  Peak Block count 0
  Peak Allocated memory 0 B
  Peak Large allocation bytes 0 B
    [ALLOC_PROFILER_BUCKET]
      Large Block size 32.0 MB
      Used Block count 1
      Peak Allocated bytes 4.0 KB
##utp:{"type":"MemoryLeaks","version":2,"phase":"Immediate","time":1790754631949,"processId":39636,"allocatedMemory":25100061,"memoryLabels":[{"Default":20431},{"Permanent":15615},{"NewDelete":81648},{"Thread":4229524},{"Manager":36976},{"VertexData":1692},{"Geometry":560},{"Texture":328},{"Shader":68792},{"Material":24},{"GfxDevice":57048},{"Animation":296},{"Audio":3928},{"FontEngine":272},{"Physics":513},{"Serialization":948},{"Input":14744},{"JobScheduler":33432},{"Mono":40},{"ScriptingNativeRuntime":191848},{"BaseObject":1627276},{"Resource":1360},{"Renderer":2304},{"Transform":16},{"File":3805},{"WebCam":96},{"Culling":40},{"Terrain":1137},{"Wind":24},{"STL":48},{"String":15396},{"DynamicArray":111236},{"HashMap":4425846},{"Utility":2665986},{"Curl":1424},{"PoolAlloc":1728},{"AI":104},{"TypeTree":5077},{"ScriptManager":640},{"RuntimeInitializeOnLoadManager":80},{"Sprites":3100},{"SpriteAtlas":128},{"GI":4072},{"Director":7960},{"WebRequest":688},{"VR":46081},{"SceneManager":568},{"Video":72},{"LazyScriptCache":40},{"NativeArray":12},{"Camera":25},{"Secure":1},{"SerializationCache":1584},{"APIUpdating":11872},{"Subsystems":392},{"VirtualTexturing":57896},{"StaticSafetyDebugInfo":327680},{"EditorGui":56},{"EditorUtility":29725},{"VersionControl":4},{"Undo":704},{"AssetDatabase":10936541},{"RestService":1414},{"EditorGi":376},{"License":3584},{"UnityConnect":25344},{"Collab":593},{"Upm":2032},{"DrivenProperties":96},{"LocalIPC":272},{"ProfilerEditor":10943},{"CoreBusinessMetrics":3844},{"AssetReference":40},{"IPCStream":40}]}
